id,sb_id,name,reference,type,submethod,description,uses_feature_score,uses_composite_score,feature_groups,created_by,updated_by,created_at,updated_at,deleted_at,display_help,help_url
51,1,McKern and Stewart 1957,Skeletal Age Changes in Young American Males.  Quartermaster Research and Development Command Technical Report.,Age,"",Age estimation by scoring epiphyseal closures,true,false,,System,System,2018-04-29 18:35:21,2019-12-27 05:09:03,,,https://cora-docs.readthedocs.io/en/latest/forensics-anthro-guide/methods/#mckern-tw-stewart-td-1957
138,1,Schaefer et al 2009,Juvenile Osteology.  Elsevier.,Age,"",Age estimation based on various skeletal morphology,true,false,,System,System,2018-04-29 18:35:21,2018-04-29 18:35:21,2018-12-03 02:07:21,,
139,2,Schaefer et al 2009,Juvenile Osteology.  Elsevier.,Age,"",Age estimation based on various skeletal morphology,true,false,,System,System,2018-04-29 18:35:21,2018-04-29 18:35:21,2018-12-03 02:07:21,,
140,3,Schaefer et al 2009,Juvenile Osteology.  Elsevier.,Age,"",Age estimation based on various skeletal morphology,true,false,,System,System,2018-04-29 18:35:21,2018-04-29 18:35:21,2018-12-03 02:07:21,,
52,4,McKern and Stewart 1957,Skeletal Age Changes in Young American Males.  Quartermaster Research and Development Command Technical Report.,Age,"",Age estimation by scoring epiphyseal closures,true,false,,System,System,2018-04-29 18:35:21,2018-12-08 16:50:35,2019-09-02 10:14:06,,https://cora-docs.readthedocs.io/en/latest/forensics-anthro-guide/methods/#mckern-tw-stewart-td-1957
141,4,Schaefer et al 2009,Juvenile Osteology.  Elsevier.,Age,"",Age estimation based on various skeletal morphology,true,false,,System,System,2018-04-29 18:35:21,2018-04-29 18:35:21,2018-12-03 02:07:21,,
53,5,McKern and Stewart 1957,Skeletal Age Changes in Young American Males.  Quartermaster Research and Development Command Technical Report.,Age,"",Age estimation by scoring epiphyseal closures,true,false,,System,System,2018-04-29 18:35:21,2019-12-27 05:09:03,,,https://cora-docs.readthedocs.io/en/latest/forensics-anthro-guide/methods/#mckern-tw-stewart-td-1957
142,5,Schaefer et al 2009,Juvenile Osteology.  Elsevier.,Age,"",Age estimation based on various skeletal morphology,true,false,,System,System,2018-04-29 18:35:21,2018-04-29 18:35:21,2018-12-03 02:07:21,,
54,6,McKern and Stewart 1957,Skeletal Age Changes in Young American Males.  Quartermaster Research and Development Command Technical Report.,Age,"",Age estimation by scoring epiphyseal closures,true,false,,System,System,2018-04-29 18:35:21,2019-12-27 05:09:03,,,https://cora-docs.readthedocs.io/en/latest/forensics-anthro-guide/methods/#mckern-tw-stewart-td-1957
143,6,Schaefer et al 2009,Juvenile Osteology.  Elsevier.,Age,"",Age estimation based on various skeletal morphology,true,false,,System,System,2018-04-29 18:35:21,2018-04-29 18:35:21,2018-12-03 02:07:21,,
55,7,McKern and Stewart 1957,Skeletal Age Changes in Young American Males.  Quartermaster Research and Development Command Technical Report.,Age,"",Age estimation by scoring epiphyseal closures,true,false,,System,System,2018-04-29 18:35:21,2019-12-27 05:09:03,,,https://cora-docs.readthedocs.io/en/latest/forensics-anthro-guide/methods/#mckern-tw-stewart-td-1957
144,7,Schaefer et al 2009,Juvenile Osteology.  Elsevier.,Age,"",Age estimation based on various skeletal morphology,true,false,,System,System,2018-04-29 18:35:21,2018-04-29 18:35:21,2018-12-03 02:07:21,,
56,8,McKern and Stewart 1957,Skeletal Age Changes in Young American Males.  Quartermaster Research and Development Command Technical Report.,Age,"",Age estimation by scoring epiphyseal closures,true,false,,System,System,2018-04-29 18:35:21,2019-12-27 05:09:03,,,https://cora-docs.readthedocs.io/en/latest/forensics-anthro-guide/methods/#mckern-tw-stewart-td-1957
145,8,Schaefer et al 2009,Juvenile Osteology.  Elsevier.,Age,"",Age estimation based on various skeletal morphology,true,false,,System,System,2018-04-29 18:35:21,2018-04-29 18:35:21,2018-12-03 02:07:21,,
57,9,McKern and Stewart 1957,Skeletal Age Changes in Young American Males.  Quartermaster Research and Development Command Technical Report.,Age,"",Age estimation by scoring epiphyseal closures,true,false,,System,System,2018-04-29 18:35:21,2019-12-27 05:09:03,,,https://cora-docs.readthedocs.io/en/latest/forensics-anthro-guide/methods/#mckern-tw-stewart-td-1957
146,9,Schaefer et al 2009,Juvenile Osteology.  Elsevier.,Age,"",Age estimation based on various skeletal morphology,true,false,,System,System,2018-04-29 18:35:21,2018-04-29 18:35:21,2018-12-03 02:07:21,,
58,10,McKern and Stewart 1957,Skeletal Age Changes in Young American Males.  Quartermaster Research and Development Command Technical Report.,Age,"",Age estimation by scoring epiphyseal closures,true,false,,System,System,2018-04-29 18:35:21,2019-12-27 05:09:03,,,https://cora-docs.readthedocs.io/en/latest/forensics-anthro-guide/methods/#mckern-tw-stewart-td-1957
147,10,Schaefer et al 2009,Juvenile Osteology.  Elsevier.,Age,"",Age estimation based on various skeletal morphology,true,false,,System,System,2018-04-29 18:35:21,2018-04-29 18:35:21,2018-12-03 02:07:21,,
59,11,McKern and Stewart 1957,Skeletal Age Changes in Young American Males.  Quartermaster Research and Development Command Technical Report.,Age,"",Age estimation by scoring epiphyseal closures,true,false,,System,System,2018-04-29 18:35:21,2019-12-27 05:09:03,,,https://cora-docs.readthedocs.io/en/latest/forensics-anthro-guide/methods/#mckern-tw-stewart-td-1957
148,11,Schaefer et al 2009,Juvenile Osteology.  Elsevier.,Age,"",Age estimation based on various skeletal morphology,true,false,,System,System,2018-04-29 18:35:21,2018-04-29 18:35:21,2018-12-03 02:07:21,,
39,12,Falys and Prangle 2015,AJPA 156:203-214,Age,"",Age estimate based on clavicle morphology,true,true,,System,System,2018-04-29 18:35:21,2019-12-27 05:09:03,,,https://cora-docs.readthedocs.io/en/latest/forensics-anthro-guide/methods
48,12,Langley and Jantz 2010,JFS 55(3):571-583,Age,"",Age estimate based on clavicle morphology,true,false,,System,System,2018-04-29 18:35:21,2019-12-27 05:09:03,,,https://cora-docs.readthedocs.io/en/latest/forensics-anthro-guide/methods/#langley-shirley-n-jantz-rl-2010
60,12,McKern and Stewart 1957,Skeletal Age Changes in Young American Males.  Quartermaster Research and Development Command Technical Report.,Age,"",Age estimation by scoring epiphyseal closures,true,false,,System,System,2018-04-29 18:35:21,2019-12-27 05:09:03,,,https://cora-docs.readthedocs.io/en/latest/forensics-anthro-guide/methods/#mckern-tw-stewart-td-1957
136,12,Rogers et al 2000,JFS 45:61-67,Sex,"",Sex estimation based on clavicle morphology,true,false,,System,System,2018-04-29 18:35:21,2019-12-27 05:09:03,,,https://cora-docs.readthedocs.io/en/latest/forensics-anthro-guide/methods/#rogers-nl-flournoy-le-mccormick-wf-2000
308,12,Schaefer 2008,A summary of epiphyseal union timings in Bosnian males. International Journal of Osteoarchaeology 18(5):536-545,Age,"",Age estimation based on epiphyseal fusion,true,false,,System,System,2018-12-08 16:50:35,2019-12-27 05:09:03,,,https://cora-docs.readthedocs.io/en/latest/forensics-anthro-guide/methods/#schaefer-mc-2008
149,12,Schaefer et al 2009,Juvenile Osteology.  Elsevier.,Age,"",Age estimation based on various skeletal morphology,true,false,,System,System,2018-04-29 18:35:21,2018-04-29 18:35:21,2018-12-03 02:07:21,,
150,13,Schaefer et al 2009,Juvenile Osteology.  Elsevier.,Age,"",Age estimation based on various skeletal morphology,true,false,,System,System,2018-04-29 18:35:21,2018-04-29 18:35:21,2018-12-03 02:07:21,,
151,14,Schaefer et al 2009,Juvenile Osteology.  Elsevier.,Age,"",Age estimation based on various skeletal morphology,true,false,,System,System,2018-04-29 18:35:21,2018-04-29 18:35:21,2018-12-03 02:07:21,,
152,15,Schaefer et al 2009,Juvenile Osteology.  Elsevier.,Age,"",Age estimation based on various skeletal morphology,true,false,,System,System,2018-04-29 18:35:21,2018-04-29 18:35:21,2018-12-03 02:07:21,,
153,16,Schaefer et al 2009,Juvenile Osteology.  Elsevier.,Age,"",Age estimation based on various skeletal morphology,true,false,,System,System,2018-04-29 18:35:21,2018-04-29 18:35:21,2018-12-03 02:07:21,,
29,18,Blankenship et al 2007,JFS 52(2):428-433,Age,"",Age estimation of African American populations by scoring third molar development,true,false,,System,System,2018-04-29 18:35:21,2019-12-27 05:09:03,,,https://cora-docs.readthedocs.io/en/latest/forensics-anthro-guide/methods/#blankenship-ja-mincer-hh-anderson-km-woods-ma-burton-el-2007
34,18,Buikstra and Ubelaker 1994,Standards for Data Collection from Human Skeletal Remains.  Arkansas Archaeological Survey Research Series No. 44,Sex,"",Sex estimation by scoring skeletal morphology,true,false,,System,System,2018-04-29 18:35:21,2019-12-27 05:09:03,,,https://cora-docs.readthedocs.io/en/latest/forensics-anthro-guide/methods/#buikstra-je-ubelaker-dh-1994
37,18,Edgar 2013,JFS 58:S3-S8,Ancestry,"","Ancestry estimation based on dental morphology (African, Hispanic, European)",true,false,,System,System,2018-04-29 18:35:21,2019-12-27 05:09:03,,,https://cora-docs.readthedocs.io/en/latest/forensics-anthro-guide/methods/#edgar-hjh-2013
40,18,Gill 1998,"Forensic Osteology, edited by K. Reichs.  Charles C. Thomas.",Ancestry,"","Ancestry estimation based on cranial morphology (American Indian, Black, East Asian, Polynesian, White)",true,false,,System,System,2018-04-29 18:35:21,2019-12-27 05:09:03,,,https://cora-docs.readthedocs.io/en/latest/forensics-anthro-guide/methods/#gill-gw-1998
41,18,Hefner 2009,JFS 54(5):985-995,Ancestry,"","Ancestry estimation by scoring cranial morphology (American Indian, Asian, Black, White)",true,false,,System,System,2018-04-29 18:35:21,2019-12-27 05:09:03,,,https://cora-docs.readthedocs.io/en/latest/forensics-anthro-guide/methods/#hefner-j-2009
42,18,Hefner and Ousley 2014,JFS 59(4):883-890,Ancestry,"","Ancestry estimation by scoring cranial morphology (Black, Hispanic, White)",true,true,,System,System,2018-04-29 18:35:21,2019-12-27 05:09:03,,,https://cora-docs.readthedocs.io/en/latest/forensics-anthro-guide/methods/#hefner-j-ousley-sd-2014
45,18,Kasper et al 2009,JFS 54(3):651-657,Age,"",Age estimation of Hispanic populations by scoring third molar development,true,false,,System,System,2018-04-29 18:35:21,2019-12-27 05:09:03,,,https://cora-docs.readthedocs.io/en/latest/forensics-anthro-guide/methods/#kasper-ka-austin-d-kvanli-ah-rios-tr-senn-dr-2009
50,18,Mann et al 1991,JFS 36:781-791,Age,"",Age estimation by assessing maxillary suture closure,true,false,,System,System,2018-04-29 18:35:21,2019-12-27 05:09:03,,,https://cora-docs.readthedocs.io/en/latest/forensics-anthro-guide/methods/#mann-rw-jantz-rl-bass-wm-willey-ps-1991
127,18,Meindl and Lovejoy 1985,AJPA 68:57-66,Age,"",Age estimation by scoring ectocranial vault suture closure,true,true,,System,System,2018-04-29 18:35:21,2019-12-27 05:09:03,,,https://cora-docs.readthedocs.io/en/latest/forensics-anthro-guide/methods/#meindl-rs-lovejoy-co-1985
128,18,Mincer et al 1993,JFS 38:379-390,Age,"",Age estimation of White males by scoring third molar development,true,false,,System,System,2018-04-29 18:35:21,2019-12-27 05:09:03,,,https://cora-docs.readthedocs.io/en/latest/forensics-anthro-guide/methods/#mincer-hh-harris-ef-berryman-he-1993
131,18,Nawrocki 1998,"Forensic Osteology, edited by K. Reichs.  Charles C. Thomas.",Age,"",Age estimation by scoring ectocranial suture closure,true,true,"{""Ectocranial"":""Ectocranial"", ""Endocranial"":""Endocranial"", ""Palatine"":""Palatine""}",System,System,2018-04-29 18:35:21,2019-12-27 05:09:03,,,https://cora-docs.readthedocs.io/en/latest/forensics-anthro-guide/methods/#nawrocki-sp-1998
134,18,Rhine 1990,"Skeletal Attribution of Race, edited by G. Gill and S. Rhine.  Maxwell Museum Anthropological Papers No. 4",Ancestry,"","Ancestry estimation based on cranial morphology (Asian, Black, White)",true,false,,System,System,2018-04-29 18:35:21,2019-12-27 05:09:03,,,https://cora-docs.readthedocs.io/en/latest/forensics-anthro-guide/methods/#rhine-s-1990
154,18,Schaefer et al 2009,Juvenile Osteology.  Elsevier.,Age,"",Age estimation based on various skeletal morphology,true,false,,System,System,2018-04-29 18:35:21,2018-04-29 18:35:21,2018-12-03 02:07:21,,
296,18,Walker 2008,AJPA 136:39-50,Sex,"",Sex estimation by scoring cranial morphology,true,false,,System,System,2018-04-29 18:35:21,2019-12-27 05:09:03,,,https://cora-docs.readthedocs.io/en/latest/forensics-anthro-guide/methods/#walker-pl-2008
155,19,Schaefer et al 2009,Juvenile Osteology.  Elsevier.,Age,"",Age estimation based on various skeletal morphology,true,false,,System,System,2018-04-29 18:35:21,2018-04-29 18:35:21,2018-12-03 02:07:21,,
156,20,Schaefer et al 2009,Juvenile Osteology.  Elsevier.,Age,"",Age estimation based on various skeletal morphology,true,false,,System,System,2018-04-29 18:35:21,2018-04-29 18:35:21,2018-12-03 02:07:21,,
157,21,Schaefer et al 2009,Juvenile Osteology.  Elsevier.,Age,"",Age estimation based on various skeletal morphology,true,false,,System,System,2018-04-29 18:35:21,2018-04-29 18:35:21,2018-12-03 02:07:21,,
158,22,Schaefer et al 2009,Juvenile Osteology.  Elsevier.,Age,"",Age estimation based on various skeletal morphology,true,false,,System,System,2018-04-29 18:35:21,2018-04-29 18:35:21,2018-12-03 02:07:21,,
159,23,Schaefer et al 2009,Juvenile Osteology.  Elsevier.,Age,"",Age estimation based on various skeletal morphology,true,false,,System,System,2018-04-29 18:35:21,2018-04-29 18:35:21,2018-12-03 02:07:21,,
160,24,Schaefer et al 2009,Juvenile Osteology.  Elsevier.,Age,"",Age estimation based on various skeletal morphology,true,false,,System,System,2018-04-29 18:35:21,2018-04-29 18:35:21,2018-12-03 02:07:21,,
161,25,Schaefer et al 2009,Juvenile Osteology.  Elsevier.,Age,"",Age estimation based on various skeletal morphology,true,false,,System,System,2018-04-29 18:35:21,2018-04-29 18:35:21,2018-12-03 02:07:21,,
162,26,Schaefer et al 2009,Juvenile Osteology.  Elsevier.,Age,"",Age estimation based on various skeletal morphology,true,false,,System,System,2018-04-29 18:35:21,2018-04-29 18:35:21,2018-12-03 02:07:21,,
163,27,Schaefer et al 2009,Juvenile Osteology.  Elsevier.,Age,"",Age estimation based on various skeletal morphology,true,false,,System,System,2018-04-29 18:35:21,2018-04-29 18:35:21,2018-12-03 02:07:21,,
164,28,Schaefer et al 2009,Juvenile Osteology.  Elsevier.,Age,"",Age estimation based on various skeletal morphology,true,false,,System,System,2018-04-29 18:35:21,2018-04-29 18:35:21,2018-12-03 02:07:21,,
165,29,Schaefer et al 2009,Juvenile Osteology.  Elsevier.,Age,"",Age estimation based on various skeletal morphology,true,false,,System,System,2018-04-29 18:35:21,2018-04-29 18:35:21,2018-12-03 02:07:21,,
166,30,Schaefer et al 2009,Juvenile Osteology.  Elsevier.,Age,"",Age estimation based on various skeletal morphology,true,false,,System,System,2018-04-29 18:35:21,2018-04-29 18:35:21,2018-12-03 02:07:21,,
61,31,McKern and Stewart 1957,Skeletal Age Changes in Young American Males.  Quartermaster Research and Development Command Technical Report.,Age,"",Age estimation by scoring epiphyseal closures,true,false,,System,System,2018-04-29 18:35:21,2019-12-27 05:09:03,,,https://cora-docs.readthedocs.io/en/latest/forensics-anthro-guide/methods/#mckern-tw-stewart-td-1957
167,31,Schaefer et al 2009,Juvenile Osteology.  Elsevier.,Age,"",Age estimation based on various skeletal morphology,true,false,,System,System,2018-04-29 18:35:21,2018-04-29 18:35:21,2018-12-03 02:07:21,,
62,32,McKern and Stewart 1957,Skeletal Age Changes in Young American Males.  Quartermaster Research and Development Command Technical Report.,Age,"",Age estimation by scoring epiphyseal closures,true,false,,System,System,2018-04-29 18:35:21,2019-12-27 05:09:03,,,https://cora-docs.readthedocs.io/en/latest/forensics-anthro-guide/methods/#mckern-tw-stewart-td-1957
304,32,Schaefer 2008,A summary of epiphyseal union timings in Bosnian males. International Journal of Osteoarchaeology 18(5):536-545,Age,"",Age estimation based on epiphyseal fusion,true,false,,System,System,2018-12-08 16:50:35,2019-12-27 05:09:03,,,https://cora-docs.readthedocs.io/en/latest/forensics-anthro-guide/methods/#schaefer-mc-2008
168,32,Schaefer et al 2009,Juvenile Osteology.  Elsevier.,Age,"",Age estimation based on various skeletal morphology,true,false,,System,System,2018-04-29 18:35:21,2018-04-29 18:35:21,2018-12-03 02:07:21,,
63,33,McKern and Stewart 1957,Skeletal Age Changes in Young American Males.  Quartermaster Research and Development Command Technical Report.,Age,"",Age estimation by scoring epiphyseal closures,true,false,,System,System,2018-04-29 18:35:21,2019-12-27 05:09:03,,,https://cora-docs.readthedocs.io/en/latest/forensics-anthro-guide/methods/#mckern-tw-stewart-td-1957
306,33,Schaefer 2008,A summary of epiphyseal union timings in Bosnian males. International Journal of Osteoarchaeology 18(5):536-545,Age,"",Age estimation based on epiphyseal fusion,true,false,,System,System,2018-12-08 16:50:35,2019-12-27 05:09:03,,,https://cora-docs.readthedocs.io/en/latest/forensics-anthro-guide/methods/#schaefer-mc-2008
169,33,Schaefer et al 2009,Juvenile Osteology.  Elsevier.,Age,"",Age estimation based on various skeletal morphology,true,false,,System,System,2018-04-29 18:35:21,2018-04-29 18:35:21,2018-12-03 02:07:21,,
170,34,Schaefer et al 2009,Juvenile Osteology.  Elsevier.,Age,"",Age estimation based on various skeletal morphology,true,false,,System,System,2018-04-29 18:35:21,2018-04-29 18:35:21,2018-12-03 02:07:21,,
171,35,Schaefer et al 2009,Juvenile Osteology.  Elsevier.,Age,"",Age estimation based on various skeletal morphology,true,false,,System,System,2018-04-29 18:35:21,2018-04-29 18:35:21,2018-12-03 02:07:21,,
300,35,Walker 2008,AJPA 136:39-50,Sex,"",Sex estimation by scoring cranial morphology,true,false,,System,System,2018-04-29 18:35:21,2019-12-27 05:09:03,,,https://cora-docs.readthedocs.io/en/latest/forensics-anthro-guide/methods/#walker-pl-2008
172,36,Schaefer et al 2009,Juvenile Osteology.  Elsevier.,Age,"",Age estimation based on various skeletal morphology,true,false,,System,System,2018-04-29 18:35:21,2018-04-29 18:35:21,2018-12-03 02:07:21,,
64,37,McKern and Stewart 1957,Skeletal Age Changes in Young American Males.  Quartermaster Research and Development Command Technical Report.,Age,"",Age estimation by scoring epiphyseal closures,true,false,,System,System,2018-04-29 18:35:21,2019-12-27 05:09:03,,,https://cora-docs.readthedocs.io/en/latest/forensics-anthro-guide/methods/#mckern-tw-stewart-td-1957
135,37,Rogers 1999,JFS 44:57-60,Sex,"",Sex estimation based on distal humerus morphology,true,false,,System,System,2018-04-29 18:35:21,2019-12-27 05:09:03,,,https://cora-docs.readthedocs.io/en/latest/forensics-anthro-guide/methods/#rogers-tl-1999
301,37,Schaefer 2008,A summary of epiphyseal union timings in Bosnian males. International Journal of Osteoarchaeology 18(5):536-545,Age,"",Age estimation based on epiphyseal fusion,true,false,,System,System,2018-12-08 16:50:35,2019-12-27 05:09:03,,,https://cora-docs.readthedocs.io/en/latest/forensics-anthro-guide/methods/#schaefer-mc-2008
173,37,Schaefer et al 2009,Juvenile Osteology.  Elsevier.,Age,"",Age estimation based on various skeletal morphology,true,false,,System,System,2018-04-29 18:35:21,2018-04-29 18:35:21,2018-12-03 02:07:21,,
174,38,Schaefer et al 2009,Juvenile Osteology.  Elsevier.,Age,"",Age estimation based on various skeletal morphology,true,false,,System,System,2018-04-29 18:35:21,2018-04-29 18:35:21,2018-12-03 02:07:21,,
175,40,Schaefer et al 2009,Juvenile Osteology.  Elsevier.,Age,"",Age estimation based on various skeletal morphology,true,false,,System,System,2018-04-29 18:35:21,2018-04-29 18:35:21,2018-12-03 02:07:21,,
176,41,Schaefer et al 2009,Juvenile Osteology.  Elsevier.,Age,"",Age estimation based on various skeletal morphology,true,false,,System,System,2018-04-29 18:35:21,2018-04-29 18:35:21,2018-12-03 02:07:21,,
177,42,Schaefer et al 2009,Juvenile Osteology.  Elsevier.,Age,"",Age estimation based on various skeletal morphology,true,false,,System,System,2018-04-29 18:35:21,2018-04-29 18:35:21,2018-12-03 02:07:21,,
178,43,Schaefer et al 2009,Juvenile Osteology.  Elsevier.,Age,"",Age estimation based on various skeletal morphology,true,false,,System,System,2018-04-29 18:35:21,2018-04-29 18:35:21,2018-12-03 02:07:21,,
179,44,Schaefer et al 2009,Juvenile Osteology.  Elsevier.,Age,"",Age estimation based on various skeletal morphology,true,false,,System,System,2018-04-29 18:35:21,2018-04-29 18:35:21,2018-12-03 02:07:21,,
180,45,Schaefer et al 2009,Juvenile Osteology.  Elsevier.,Age,"",Age estimation based on various skeletal morphology,true,false,,System,System,2018-04-29 18:35:21,2018-04-29 18:35:21,2018-12-03 02:07:21,,
181,46,Schaefer et al 2009,Juvenile Osteology.  Elsevier.,Age,"",Age estimation based on various skeletal morphology,true,false,,System,System,2018-04-29 18:35:21,2018-04-29 18:35:21,2018-12-03 02:07:21,,
182,47,Schaefer et al 2009,Juvenile Osteology.  Elsevier.,Age,"",Age estimation based on various skeletal morphology,true,false,,System,System,2018-04-29 18:35:21,2018-04-29 18:35:21,2018-12-03 02:07:21,,
183,48,Schaefer et al 2009,Juvenile Osteology.  Elsevier.,Age,"",Age estimation based on various skeletal morphology,true,false,,System,System,2018-04-29 18:35:21,2018-04-29 18:35:21,2018-12-03 02:07:21,,
184,49,Schaefer et al 2009,Juvenile Osteology.  Elsevier.,Age,"",Age estimation based on various skeletal morphology,true,false,,System,System,2018-04-29 18:35:21,2018-04-29 18:35:21,2018-12-03 02:07:21,,
19,50,Albert and Maples 1995,JFS 40(4):623-633,Age,"",Age estimate by scoring vertebral fusion,true,false,,System,System,2018-04-29 18:35:21,2019-12-27 05:09:03,,,https://cora-docs.readthedocs.io/en/latest/forensics-anthro-guide/methods/#albert-am-maples-wr-1995
65,50,McKern and Stewart 1957,Skeletal Age Changes in Young American Males.  Quartermaster Research and Development Command Technical Report.,Age,"",Age estimation by scoring epiphyseal closures,true,false,,System,System,2018-04-29 18:35:21,2019-12-27 05:09:03,,,https://cora-docs.readthedocs.io/en/latest/forensics-anthro-guide/methods/#mckern-tw-stewart-td-1957
185,50,Schaefer et al 2009,Juvenile Osteology.  Elsevier.,Age,"",Age estimation based on various skeletal morphology,true,false,,System,System,2018-04-29 18:35:21,2018-04-29 18:35:21,2018-12-03 02:07:21,,
24,51,Albert and Maples 1995,JFS 40(4):623-633,Age,"",Age estimate by scoring vertebral fusion,true,false,,System,System,2018-04-29 18:35:21,2019-12-27 05:09:03,,,https://cora-docs.readthedocs.io/en/latest/forensics-anthro-guide/methods/#albert-am-maples-wr-1995
66,51,McKern and Stewart 1957,Skeletal Age Changes in Young American Males.  Quartermaster Research and Development Command Technical Report.,Age,"",Age estimation by scoring epiphyseal closures,true,false,,System,System,2018-04-29 18:35:21,2019-12-27 05:09:03,,,https://cora-docs.readthedocs.io/en/latest/forensics-anthro-guide/methods/#mckern-tw-stewart-td-1957
186,51,Schaefer et al 2009,Juvenile Osteology.  Elsevier.,Age,"",Age estimation based on various skeletal morphology,true,false,,System,System,2018-04-29 18:35:21,2018-04-29 18:35:21,2018-12-03 02:07:21,,
20,52,Albert and Maples 1995,JFS 40(4):623-633,Age,"",Age estimate by scoring vertebral fusion,true,false,,System,System,2018-04-29 18:35:21,2019-12-27 05:09:03,,,https://cora-docs.readthedocs.io/en/latest/forensics-anthro-guide/methods/#albert-am-maples-wr-1995
67,52,McKern and Stewart 1957,Skeletal Age Changes in Young American Males.  Quartermaster Research and Development Command Technical Report.,Age,"",Age estimation by scoring epiphyseal closures,true,false,,System,System,2018-04-29 18:35:21,2019-12-27 05:09:03,,,https://cora-docs.readthedocs.io/en/latest/forensics-anthro-guide/methods/#mckern-tw-stewart-td-1957
187,52,Schaefer et al 2009,Juvenile Osteology.  Elsevier.,Age,"",Age estimation based on various skeletal morphology,true,false,,System,System,2018-04-29 18:35:21,2018-04-29 18:35:21,2018-12-03 02:07:21,,
25,53,Albert and Maples 1995,JFS 40(4):623-633,Age,"",Age estimate by scoring vertebral fusion,true,false,,System,System,2018-04-29 18:35:21,2019-12-27 05:09:03,,,https://cora-docs.readthedocs.io/en/latest/forensics-anthro-guide/methods/#albert-am-maples-wr-1995
68,53,McKern and Stewart 1957,Skeletal Age Changes in Young American Males.  Quartermaster Research and Development Command Technical Report.,Age,"",Age estimation by scoring epiphyseal closures,true,false,,System,System,2018-04-29 18:35:21,2019-12-27 05:09:03,,,https://cora-docs.readthedocs.io/en/latest/forensics-anthro-guide/methods/#mckern-tw-stewart-td-1957
188,53,Schaefer et al 2009,Juvenile Osteology.  Elsevier.,Age,"",Age estimation based on various skeletal morphology,true,false,,System,System,2018-04-29 18:35:21,2018-04-29 18:35:21,2018-12-03 02:07:21,,
21,54,Albert and Maples 1995,JFS 40(4):623-633,Age,"",Age estimate by scoring vertebral fusion,true,false,,System,System,2018-04-29 18:35:21,2019-12-27 05:09:03,,,https://cora-docs.readthedocs.io/en/latest/forensics-anthro-guide/methods/#albert-am-maples-wr-1995
69,54,McKern and Stewart 1957,Skeletal Age Changes in Young American Males.  Quartermaster Research and Development Command Technical Report.,Age,"",Age estimation by scoring epiphyseal closures,true,false,,System,System,2018-04-29 18:35:21,2019-12-27 05:09:03,,,https://cora-docs.readthedocs.io/en/latest/forensics-anthro-guide/methods/#mckern-tw-stewart-td-1957
189,54,Schaefer et al 2009,Juvenile Osteology.  Elsevier.,Age,"",Age estimation based on various skeletal morphology,true,false,,System,System,2018-04-29 18:35:21,2018-04-29 18:35:21,2018-12-03 02:07:21,,
26,55,Albert and Maples 1995,JFS 40(4):623-633,Age,"",Age estimate by scoring vertebral fusion,true,false,,System,System,2018-04-29 18:35:21,2019-12-27 05:09:03,,,https://cora-docs.readthedocs.io/en/latest/forensics-anthro-guide/methods/#albert-am-maples-wr-1995
70,55,McKern and Stewart 1957,Skeletal Age Changes in Young American Males.  Quartermaster Research and Development Command Technical Report.,Age,"",Age estimation by scoring epiphyseal closures,true,false,,System,System,2018-04-29 18:35:21,2019-12-27 05:09:03,,,https://cora-docs.readthedocs.io/en/latest/forensics-anthro-guide/methods/#mckern-tw-stewart-td-1957
190,55,Schaefer et al 2009,Juvenile Osteology.  Elsevier.,Age,"",Age estimation based on various skeletal morphology,true,false,,System,System,2018-04-29 18:35:21,2018-04-29 18:35:21,2018-12-03 02:07:21,,
22,56,Albert and Maples 1995,JFS 40(4):623-633,Age,"",Age estimate by scoring vertebral fusion,true,false,,System,System,2018-04-29 18:35:21,2019-12-27 05:09:03,,,https://cora-docs.readthedocs.io/en/latest/forensics-anthro-guide/methods/#albert-am-maples-wr-1995
71,56,McKern and Stewart 1957,Skeletal Age Changes in Young American Males.  Quartermaster Research and Development Command Technical Report.,Age,"",Age estimation by scoring epiphyseal closures,true,false,,System,System,2018-04-29 18:35:21,2019-12-27 05:09:03,,,https://cora-docs.readthedocs.io/en/latest/forensics-anthro-guide/methods/#mckern-tw-stewart-td-1957
191,56,Schaefer et al 2009,Juvenile Osteology.  Elsevier.,Age,"",Age estimation based on various skeletal morphology,true,false,,System,System,2018-04-29 18:35:21,2018-04-29 18:35:21,2018-12-03 02:07:21,,
27,57,Albert and Maples 1995,JFS 40(4):623-633,Age,"",Age estimate by scoring vertebral fusion,true,false,,System,System,2018-04-29 18:35:21,2019-12-27 05:09:03,,,https://cora-docs.readthedocs.io/en/latest/forensics-anthro-guide/methods/#albert-am-maples-wr-1995
72,57,McKern and Stewart 1957,Skeletal Age Changes in Young American Males.  Quartermaster Research and Development Command Technical Report.,Age,"",Age estimation by scoring epiphyseal closures,true,false,,System,System,2018-04-29 18:35:21,2019-12-27 05:09:03,,,https://cora-docs.readthedocs.io/en/latest/forensics-anthro-guide/methods/#mckern-tw-stewart-td-1957
192,57,Schaefer et al 2009,Juvenile Osteology.  Elsevier.,Age,"",Age estimation based on various skeletal morphology,true,false,,System,System,2018-04-29 18:35:21,2018-04-29 18:35:21,2018-12-03 02:07:21,,
23,58,Albert and Maples 1995,JFS 40(4):623-633,Age,"",Age estimate by scoring vertebral fusion,true,false,,System,System,2018-04-29 18:35:21,2019-12-27 05:09:03,,,https://cora-docs.readthedocs.io/en/latest/forensics-anthro-guide/methods/#albert-am-maples-wr-1995
73,58,McKern and Stewart 1957,Skeletal Age Changes in Young American Males.  Quartermaster Research and Development Command Technical Report.,Age,"",Age estimation by scoring epiphyseal closures,true,false,,System,System,2018-04-29 18:35:21,2019-12-27 05:09:03,,,https://cora-docs.readthedocs.io/en/latest/forensics-anthro-guide/methods/#mckern-tw-stewart-td-1957
193,58,Schaefer et al 2009,Juvenile Osteology.  Elsevier.,Age,"",Age estimation based on various skeletal morphology,true,false,,System,System,2018-04-29 18:35:21,2018-04-29 18:35:21,2018-12-03 02:07:21,,
194,59,Schaefer et al 2009,Juvenile Osteology.  Elsevier.,Age,"",Age estimation based on various skeletal morphology,true,false,,System,System,2018-04-29 18:35:21,2018-04-29 18:35:21,2018-12-03 02:07:21,,
30,61,Blankenship et al 2007,JFS 52(2):428-433,Age,"",Age estimation of African American populations by scoring third molar development,true,false,,System,System,2018-04-29 18:35:21,2019-12-27 05:09:03,,,https://cora-docs.readthedocs.io/en/latest/forensics-anthro-guide/methods/#blankenship-ja-mincer-hh-anderson-km-woods-ma-burton-el-2007
35,61,Buikstra and Ubelaker 1994,Standards for Data Collection from Human Skeletal Remains.  Arkansas Archaeological Survey Research Series No. 44,Sex,"",Sex estimation by scoring skeletal morphology,true,false,,System,System,2018-04-29 18:35:21,2019-12-27 05:09:03,,,https://cora-docs.readthedocs.io/en/latest/forensics-anthro-guide/methods/#buikstra-je-ubelaker-dh-1994
38,61,Edgar 2013,JFS 58:S3-S8,Ancestry,"","Ancestry estimation based on dental morphology (African, Hispanic, European)",true,false,,System,System,2018-04-29 18:35:21,2019-12-27 05:09:03,,,https://cora-docs.readthedocs.io/en/latest/forensics-anthro-guide/methods/#edgar-hjh-2013
47,61,Kasper et al 2009,JFS 54(3):651-657,Age,"",Age estimation of Hispanic populations by scoring third molar development,true,false,,System,System,2018-04-29 18:35:21,2019-12-27 05:09:03,,,https://cora-docs.readthedocs.io/en/latest/forensics-anthro-guide/methods/#kasper-ka-austin-d-kvanli-ah-rios-tr-senn-dr-2009
129,61,Mincer et al 1993,JFS 38:379-390,Age,"",Age estimation of White males by scoring third molar development,true,false,,System,System,2018-04-29 18:35:21,2019-12-27 05:09:03,,,https://cora-docs.readthedocs.io/en/latest/forensics-anthro-guide/methods/#mincer-hh-harris-ef-berryman-he-1993
195,61,Schaefer et al 2009,Juvenile Osteology.  Elsevier.,Age,"",Age estimation based on various skeletal morphology,true,false,,System,System,2018-04-29 18:35:21,2018-04-29 18:35:21,2018-12-03 02:07:21,,
297,61,Walker 2008,AJPA 136:39-50,Sex,"",Sex estimation by scoring cranial morphology,true,false,,System,System,2018-04-29 18:35:21,2019-12-27 05:09:03,,,https://cora-docs.readthedocs.io/en/latest/forensics-anthro-guide/methods/#walker-pl-2008
196,62,Schaefer et al 2009,Juvenile Osteology.  Elsevier.,Age,"",Age estimation based on various skeletal morphology,true,false,,System,System,2018-04-29 18:35:21,2018-04-29 18:35:21,2018-12-03 02:07:21,,
31,63,Blankenship et al 2007,JFS 52(2):428-433,Age,"","",false,false,,System,System,2018-04-29 18:35:21,2019-12-27 05:09:03,,,https://cora-docs.readthedocs.io/en/latest/forensics-anthro-guide/methods/#blankenship-ja-mincer-hh-anderson-km-woods-ma-burton-el-2007
46,63,Kasper et al 2009,JFS 54(3):651-657,Age,"",Age estimation of Hispanic populations by scoring third molar development,true,false,,System,System,2018-04-29 18:35:21,2019-12-27 05:09:03,,,https://cora-docs.readthedocs.io/en/latest/forensics-anthro-guide/methods/#kasper-ka-austin-d-kvanli-ah-rios-tr-senn-dr-2009
130,63,Mincer et al 1993,JFS 38:379-390,Age,"",Age estimation of White males by scoring third molar development,true,false,,System,System,2018-04-29 18:35:21,2019-12-27 05:09:03,,,https://cora-docs.readthedocs.io/en/latest/forensics-anthro-guide/methods/#mincer-hh-harris-ef-berryman-he-1993
197,63,Schaefer et al 2009,Juvenile Osteology.  Elsevier.,Age,"",Age estimation based on various skeletal morphology,true,false,,System,System,2018-04-29 18:35:21,2018-04-29 18:35:21,2018-12-03 02:07:21,,
198,64,Schaefer et al 2009,Juvenile Osteology.  Elsevier.,Age,"",Age estimation based on various skeletal morphology,true,false,,System,System,2018-04-29 18:35:21,2018-04-29 18:35:21,2018-12-03 02:07:21,,
199,65,Schaefer et al 2009,Juvenile Osteology.  Elsevier.,Age,"",Age estimation based on various skeletal morphology,true,false,,System,System,2018-04-29 18:35:21,2018-04-29 18:35:21,2018-12-03 02:07:21,,
200,66,Schaefer et al 2009,Juvenile Osteology.  Elsevier.,Age,"",Age estimation based on various skeletal morphology,true,false,,System,System,2018-04-29 18:35:21,2018-04-29 18:35:21,2018-12-03 02:07:21,,
201,67,Schaefer et al 2009,Juvenile Osteology.  Elsevier.,Age,"",Age estimation based on various skeletal morphology,true,false,,System,System,2018-04-29 18:35:21,2018-04-29 18:35:21,2018-12-03 02:07:21,,
202,68,Schaefer et al 2009,Juvenile Osteology.  Elsevier.,Age,"",Age estimation based on various skeletal morphology,true,false,,System,System,2018-04-29 18:35:21,2018-04-29 18:35:21,2018-12-03 02:07:21,,
203,69,Schaefer et al 2009,Juvenile Osteology.  Elsevier.,Age,"",Age estimation based on various skeletal morphology,true,false,,System,System,2018-04-29 18:35:21,2018-04-29 18:35:21,2018-12-03 02:07:21,,
204,70,Schaefer et al 2009,Juvenile Osteology.  Elsevier.,Age,"",Age estimation based on various skeletal morphology,true,false,,System,System,2018-04-29 18:35:21,2018-04-29 18:35:21,2018-12-03 02:07:21,,
205,71,Schaefer et al 2009,Juvenile Osteology.  Elsevier.,Age,"",Age estimation based on various skeletal morphology,true,false,,System,System,2018-04-29 18:35:21,2018-04-29 18:35:21,2018-12-03 02:07:21,,
206,72,Schaefer et al 2009,Juvenile Osteology.  Elsevier.,Age,"",Age estimation based on various skeletal morphology,true,false,,System,System,2018-04-29 18:35:21,2018-04-29 18:35:21,2018-12-03 02:07:21,,
207,73,Schaefer et al 2009,Juvenile Osteology.  Elsevier.,Age,"",Age estimation based on various skeletal morphology,true,false,,System,System,2018-04-29 18:35:21,2018-04-29 18:35:21,2018-12-03 02:07:21,,
208,74,Schaefer et al 2009,Juvenile Osteology.  Elsevier.,Age,"",Age estimation based on various skeletal morphology,true,false,,System,System,2018-04-29 18:35:21,2018-04-29 18:35:21,2018-12-03 02:07:21,,
209,75,Schaefer et al 2009,Juvenile Osteology.  Elsevier.,Age,"",Age estimation based on various skeletal morphology,true,false,,System,System,2018-04-29 18:35:21,2018-04-29 18:35:21,2018-12-03 02:07:21,,
210,76,Schaefer et al 2009,Juvenile Osteology.  Elsevier.,Age,"",Age estimation based on various skeletal morphology,true,false,,System,System,2018-04-29 18:35:21,2018-04-29 18:35:21,2018-12-03 02:07:21,,
299,76,Walker 2008,AJPA 136:39-50,Sex,"",Sex estimation by scoring cranial morphology,true,false,,System,System,2018-04-29 18:35:21,2019-12-27 05:09:03,,,https://cora-docs.readthedocs.io/en/latest/forensics-anthro-guide/methods/#walker-pl-2008
28,77,Berg 2008,JFS 53(3):569-577,Age,"",Age estimate based on pubic symphysis morphology (for females),true,false,,System,System,2018-04-29 18:35:21,2019-12-27 05:09:03,,,https://cora-docs.readthedocs.io/en/latest/forensics-anthro-guide/methods/#berg-ge-2008
32,77,Brooks and Suchey 1990,Human Evolution 5:227-238,Age,"",Age estimation based on pubic symphysis morphology (better for older individuals and females),true,false,,System,System,2018-04-29 18:35:21,2019-12-27 05:09:03,,,https://cora-docs.readthedocs.io/en/latest/forensics-anthro-guide/methods/#brooks-s-suchey-jm-1990
33,77,Buckberry and Chamberlain 2002,AJPA 119:231-239,Age,"",Age estimation by scoring auricular surface morphology,true,true,,System,System,2018-04-29 18:35:21,2019-12-27 05:09:03,,,https://cora-docs.readthedocs.io/en/latest/forensics-anthro-guide/methods/#buckberry-jl-chamberlain-at-2002
36,77,Buikstra and Ubelaker 1994,Standards for Data Collection from Human Skeletal Remains.  Arkansas Archaeological Survey Research Series No. 44,Sex,"",Sex estimation by scoring skeletal morphology,true,false,,System,System,2018-04-29 18:35:21,2019-12-27 05:09:03,,,https://cora-docs.readthedocs.io/en/latest/forensics-anthro-guide/methods/#buikstra-je-ubelaker-dh-1994
49,77,Lovejoy et al 1985,AJPA 68:15-28,Age,"",Age estimate based on auricular surface morphology,true,false,,System,System,2018-04-29 18:35:21,2019-12-27 05:09:03,,,https://cora-docs.readthedocs.io/en/latest/forensics-anthro-guide/methods/#lovejoy-co-meindl-rs-pryzbeck-tr-mensforth-rp-1985
76,77,McKern and Stewart 1957,Skeletal Age Changes in Young American Males.  Quartermaster Research and Development Command Technical Report.,Age,Pubic symphysis,Age estimation by scoring morphological features of the pubic symphysis,true,true,,System,System,2018-04-29 18:35:21,2019-12-27 05:09:03,,,https://cora-docs.readthedocs.io/en/latest/forensics-anthro-guide/methods/#mckern-tw-stewart-td-1957
75,77,McKern and Stewart 1957,Skeletal Age Changes in Young American Males.  Quartermaster Research and Development Command Technical Report.,Age,Epiphyseal fusion,Age estimation by scoring epiphyseal closures,true,false,,System,System,2018-04-29 18:35:21,2019-12-27 05:09:03,,,https://cora-docs.readthedocs.io/en/latest/forensics-anthro-guide/methods/#mckern-tw-stewart-td-1957
132,77,Osborne et al 2004,JFS 49(5):905-911,Age,"",Age estimation based on auricular surface morphology,true,false,,System,System,2018-04-29 18:35:21,2019-12-27 05:09:03,,,https://cora-docs.readthedocs.io/en/latest/forensics-anthro-guide/methods/#osborne-dl-simmons-tl-nawrocki-sp-2004
133,77,Phenice 1969,AJPA 30:297-301,Sex,"",Sex estimation based on os coxa morphology,true,false,,System,System,2018-04-29 18:35:21,2019-12-27 05:09:03,,,https://cora-docs.readthedocs.io/en/latest/forensics-anthro-guide/methods/#phenice-tw-1969
137,77,Samworth and Gowland 2007,IJO 17:174-188,Age,"",Age estimate based on features of the os coxa,true,false,,System,System,2018-04-29 18:35:21,2019-12-27 05:09:03,,,https://cora-docs.readthedocs.io/en/latest/forensics-anthro-guide/methods/#samworth-r-gowland-r-2007
307,77,Schaefer 2008,A summary of epiphyseal union timings in Bosnian males. International Journal of Osteoarchaeology 18(5):536-545,Age,"",Age estimation based on epiphyseal fusion,true,false,,System,System,2018-12-08 16:50:35,2019-12-27 05:09:03,,,https://cora-docs.readthedocs.io/en/latest/forensics-anthro-guide/methods/#schaefer-mc-2008
211,77,Schaefer et al 2009,Juvenile Osteology.  Elsevier.,Age,"",Age estimation based on various skeletal morphology,true,false,,System,System,2018-04-29 18:35:21,2018-04-29 18:35:21,2018-12-03 02:07:21,,
295,77,Walker 2005,AJPA 127:385-391,Sex,"",Sex estimation by scoring greater sciatic notch morphology,true,false,,System,System,2018-04-29 18:35:21,2019-12-27 05:09:03,,,https://cora-docs.readthedocs.io/en/latest/forensics-anthro-guide/methods/#walker-pl-2005
212,79,Schaefer et al 2009,Juvenile Osteology.  Elsevier.,Age,"",Age estimation based on various skeletal morphology,true,false,,System,System,2018-04-29 18:35:21,2018-04-29 18:35:21,2018-12-03 02:07:21,,
213,80,Schaefer et al 2009,Juvenile Osteology.  Elsevier.,Age,"",Age estimation based on various skeletal morphology,true,false,,System,System,2018-04-29 18:35:21,2018-04-29 18:35:21,2018-12-03 02:07:21,,
214,81,Schaefer et al 2009,Juvenile Osteology.  Elsevier.,Age,"",Age estimation based on various skeletal morphology,true,false,,System,System,2018-04-29 18:35:21,2018-04-29 18:35:21,2018-12-03 02:07:21,,
215,82,Schaefer et al 2009,Juvenile Osteology.  Elsevier.,Age,"",Age estimation based on various skeletal morphology,true,false,,System,System,2018-04-29 18:35:21,2018-04-29 18:35:21,2018-12-03 02:07:21,,
216,83,Schaefer et al 2009,Juvenile Osteology.  Elsevier.,Age,"",Age estimation based on various skeletal morphology,true,false,,System,System,2018-04-29 18:35:21,2018-04-29 18:35:21,2018-12-03 02:07:21,,
217,84,Schaefer et al 2009,Juvenile Osteology.  Elsevier.,Age,"",Age estimation based on various skeletal morphology,true,false,,System,System,2018-04-29 18:35:21,2018-04-29 18:35:21,2018-12-03 02:07:21,,
218,85,Schaefer et al 2009,Juvenile Osteology.  Elsevier.,Age,"",Age estimation based on various skeletal morphology,true,false,,System,System,2018-04-29 18:35:21,2018-04-29 18:35:21,2018-12-03 02:07:21,,
219,86,Schaefer et al 2009,Juvenile Osteology.  Elsevier.,Age,"",Age estimation based on various skeletal morphology,true,false,,System,System,2018-04-29 18:35:21,2018-04-29 18:35:21,2018-12-03 02:07:21,,
220,87,Schaefer et al 2009,Juvenile Osteology.  Elsevier.,Age,"",Age estimation based on various skeletal morphology,true,false,,System,System,2018-04-29 18:35:21,2018-04-29 18:35:21,2018-12-03 02:07:21,,
221,88,Schaefer et al 2009,Juvenile Osteology.  Elsevier.,Age,"",Age estimation based on various skeletal morphology,true,false,,System,System,2018-04-29 18:35:21,2018-04-29 18:35:21,2018-12-03 02:07:21,,
222,89,Schaefer et al 2009,Juvenile Osteology.  Elsevier.,Age,"",Age estimation based on various skeletal morphology,true,false,,System,System,2018-04-29 18:35:21,2018-04-29 18:35:21,2018-12-03 02:07:21,,
223,90,Schaefer et al 2009,Juvenile Osteology.  Elsevier.,Age,"",Age estimation based on various skeletal morphology,true,false,,System,System,2018-04-29 18:35:21,2018-04-29 18:35:21,2018-12-03 02:07:21,,
224,91,Schaefer et al 2009,Juvenile Osteology.  Elsevier.,Age,"",Age estimation based on various skeletal morphology,true,false,,System,System,2018-04-29 18:35:21,2018-04-29 18:35:21,2018-12-03 02:07:21,,
225,92,Schaefer et al 2009,Juvenile Osteology.  Elsevier.,Age,"",Age estimation based on various skeletal morphology,true,false,,System,System,2018-04-29 18:35:21,2018-04-29 18:35:21,2018-12-03 02:07:21,,
77,93,McKern and Stewart 1957,Skeletal Age Changes in Young American Males.  Quartermaster Research and Development Command Technical Report.,Age,"",Age estimation by scoring epiphyseal closures,true,false,,System,System,2018-04-29 18:35:21,2019-12-27 05:09:03,,,https://cora-docs.readthedocs.io/en/latest/forensics-anthro-guide/methods/#mckern-tw-stewart-td-1957
302,93,Schaefer 2008,A summary of epiphyseal union timings in Bosnian males. International Journal of Osteoarchaeology 18(5):536-545,Age,"",Age estimation based on epiphyseal fusion,true,false,,System,System,2018-12-08 16:50:35,2019-12-27 05:09:03,,,https://cora-docs.readthedocs.io/en/latest/forensics-anthro-guide/methods/#schaefer-mc-2008
226,93,Schaefer et al 2009,Juvenile Osteology.  Elsevier.,Age,"",Age estimation based on various skeletal morphology,true,false,,System,System,2018-04-29 18:35:21,2018-04-29 18:35:21,2018-12-03 02:07:21,,
79,94,McKern and Stewart 1957,Skeletal Age Changes in Young American Males.  Quartermaster Research and Development Command Technical Report.,Age,"",Age estimation by scoring epiphyseal closures,true,false,,System,System,2018-04-29 18:35:21,2019-12-27 05:09:03,,,https://cora-docs.readthedocs.io/en/latest/forensics-anthro-guide/methods/#mckern-tw-stewart-td-1957
228,94,Schaefer et al 2009,Juvenile Osteology.  Elsevier.,Age,"",Age estimation based on various skeletal morphology,true,false,,System,System,2018-04-29 18:35:21,2018-04-29 18:35:21,2018-12-03 02:07:21,,
80,95,McKern and Stewart 1957,Skeletal Age Changes in Young American Males.  Quartermaster Research and Development Command Technical Report.,Age,"",Age estimation by scoring epiphyseal closures,true,false,,System,System,2018-04-29 18:35:21,2019-12-27 05:09:03,,,https://cora-docs.readthedocs.io/en/latest/forensics-anthro-guide/methods/#mckern-tw-stewart-td-1957
229,95,Schaefer et al 2009,Juvenile Osteology.  Elsevier.,Age,"",Age estimation based on various skeletal morphology,true,false,,System,System,2018-04-29 18:35:21,2018-04-29 18:35:21,2018-12-03 02:07:21,,
81,96,McKern and Stewart 1957,Skeletal Age Changes in Young American Males.  Quartermaster Research and Development Command Technical Report.,Age,"",Age estimation by scoring epiphyseal closures,true,false,,System,System,2018-04-29 18:35:21,2019-12-27 05:09:03,,,https://cora-docs.readthedocs.io/en/latest/forensics-anthro-guide/methods/#mckern-tw-stewart-td-1957
230,96,Schaefer et al 2009,Juvenile Osteology.  Elsevier.,Age,"",Age estimation based on various skeletal morphology,true,false,,System,System,2018-04-29 18:35:21,2018-04-29 18:35:21,2018-12-03 02:07:21,,
82,97,McKern and Stewart 1957,Skeletal Age Changes in Young American Males.  Quartermaster Research and Development Command Technical Report.,Age,"",Age estimation by scoring epiphyseal closures,true,false,,System,System,2018-04-29 18:35:21,2019-12-27 05:09:03,,,https://cora-docs.readthedocs.io/en/latest/forensics-anthro-guide/methods/#mckern-tw-stewart-td-1957
231,97,Schaefer et al 2009,Juvenile Osteology.  Elsevier.,Age,"",Age estimation based on various skeletal morphology,true,false,,System,System,2018-04-29 18:35:21,2018-04-29 18:35:21,2018-12-03 02:07:21,,
83,98,McKern and Stewart 1957,Skeletal Age Changes in Young American Males.  Quartermaster Research and Development Command Technical Report.,Age,"",Age estimation by scoring epiphyseal closures,true,false,,System,System,2018-04-29 18:35:21,2019-12-27 05:09:03,,,https://cora-docs.readthedocs.io/en/latest/forensics-anthro-guide/methods/#mckern-tw-stewart-td-1957
232,98,Schaefer et al 2009,Juvenile Osteology.  Elsevier.,Age,"",Age estimation based on various skeletal morphology,true,false,,System,System,2018-04-29 18:35:21,2018-04-29 18:35:21,2018-12-03 02:07:21,,
84,99,McKern and Stewart 1957,Skeletal Age Changes in Young American Males.  Quartermaster Research and Development Command Technical Report.,Age,"",Age estimation by scoring epiphyseal closures,true,false,,System,System,2018-04-29 18:35:21,2019-12-27 05:09:03,,,https://cora-docs.readthedocs.io/en/latest/forensics-anthro-guide/methods/#mckern-tw-stewart-td-1957
233,99,Schaefer et al 2009,Juvenile Osteology.  Elsevier.,Age,"",Age estimation based on various skeletal morphology,true,false,,System,System,2018-04-29 18:35:21,2018-04-29 18:35:21,2018-12-03 02:07:21,,
85,100,McKern and Stewart 1957,Skeletal Age Changes in Young American Males.  Quartermaster Research and Development Command Technical Report.,Age,"",Age estimation by scoring epiphyseal closures,true,false,,System,System,2018-04-29 18:35:21,2019-12-27 05:09:03,,,https://cora-docs.readthedocs.io/en/latest/forensics-anthro-guide/methods/#mckern-tw-stewart-td-1957
234,100,Schaefer et al 2009,Juvenile Osteology.  Elsevier.,Age,"",Age estimation based on various skeletal morphology,true,false,,System,System,2018-04-29 18:35:21,2018-04-29 18:35:21,2018-12-03 02:07:21,,
86,101,McKern and Stewart 1957,Skeletal Age Changes in Young American Males.  Quartermaster Research and Development Command Technical Report.,Age,"",Age estimation by scoring epiphyseal closures,true,false,,System,System,2018-04-29 18:35:21,2019-12-27 05:09:03,,,https://cora-docs.readthedocs.io/en/latest/forensics-anthro-guide/methods/#mckern-tw-stewart-td-1957
235,101,Schaefer et al 2009,Juvenile Osteology.  Elsevier.,Age,"",Age estimation based on various skeletal morphology,true,false,,System,System,2018-04-29 18:35:21,2018-04-29 18:35:21,2018-12-03 02:07:21,,
87,102,McKern and Stewart 1957,Skeletal Age Changes in Young American Males.  Quartermaster Research and Development Command Technical Report.,Age,"",Age estimation by scoring epiphyseal closures,true,false,,System,System,2018-04-29 18:35:21,2019-12-27 05:09:03,,,https://cora-docs.readthedocs.io/en/latest/forensics-anthro-guide/methods/#mckern-tw-stewart-td-1957
236,102,Schaefer et al 2009,Juvenile Osteology.  Elsevier.,Age,"",Age estimation based on various skeletal morphology,true,false,,System,System,2018-04-29 18:35:21,2018-04-29 18:35:21,2018-12-03 02:07:21,,
88,103,McKern and Stewart 1957,Skeletal Age Changes in Young American Males.  Quartermaster Research and Development Command Technical Report.,Age,"",Age estimation by scoring epiphyseal closures,true,false,,System,System,2018-04-29 18:35:21,2019-12-27 05:09:03,,,https://cora-docs.readthedocs.io/en/latest/forensics-anthro-guide/methods/#mckern-tw-stewart-td-1957
237,103,Schaefer et al 2009,Juvenile Osteology.  Elsevier.,Age,"",Age estimation based on various skeletal morphology,true,false,,System,System,2018-04-29 18:35:21,2018-04-29 18:35:21,2018-12-03 02:07:21,,
43,104,Iscan et al 1984,JFS 29:1094-1104,Age,"",Age estimation based on the morphology of the sternal end of the fourth rib (Males),true,false,,System,System,2018-04-29 18:35:21,2019-12-27 05:09:03,,,https://cora-docs.readthedocs.io/en/latest/forensics-anthro-guide/methods/#iscan-my-loth-sr-wright-rk-1984
44,104,Iscan et al 1985,JFS 30:853-863,Age,"",Age estimation based on the morphology of the sternal end of the fourth rib (Females),true,false,,System,System,2018-04-29 18:35:21,2019-12-27 05:09:03,,,https://cora-docs.readthedocs.io/en/latest/forensics-anthro-guide/methods/#iscan-my-loth-sr-wright-rk-1985
89,104,McKern and Stewart 1957,Skeletal Age Changes in Young American Males.  Quartermaster Research and Development Command Technical Report.,Age,"",Age estimation by scoring epiphyseal closures,true,false,,System,System,2018-04-29 18:35:21,2019-12-27 05:09:03,,,https://cora-docs.readthedocs.io/en/latest/forensics-anthro-guide/methods/#mckern-tw-stewart-td-1957
238,104,Schaefer et al 2009,Juvenile Osteology.  Elsevier.,Age,"",Age estimation based on various skeletal morphology,true,false,,System,System,2018-04-29 18:35:21,2018-04-29 18:35:21,2018-12-03 02:07:21,,
90,105,McKern and Stewart 1957,Skeletal Age Changes in Young American Males.  Quartermaster Research and Development Command Technical Report.,Age,"",Age estimation by scoring epiphyseal closures,true,false,,System,System,2018-04-29 18:35:21,2019-12-27 05:09:03,,,https://cora-docs.readthedocs.io/en/latest/forensics-anthro-guide/methods/#mckern-tw-stewart-td-1957
239,105,Schaefer et al 2009,Juvenile Osteology.  Elsevier.,Age,"",Age estimation based on various skeletal morphology,true,false,,System,System,2018-04-29 18:35:21,2018-04-29 18:35:21,2018-12-03 02:07:21,,
91,106,McKern and Stewart 1957,Skeletal Age Changes in Young American Males.  Quartermaster Research and Development Command Technical Report.,Age,"",Age estimation by scoring epiphyseal closures,true,false,,System,System,2018-04-29 18:35:21,2019-12-27 05:09:03,,,https://cora-docs.readthedocs.io/en/latest/forensics-anthro-guide/methods/#mckern-tw-stewart-td-1957
240,106,Schaefer et al 2009,Juvenile Osteology.  Elsevier.,Age,"",Age estimation based on various skeletal morphology,true,false,,System,System,2018-04-29 18:35:21,2018-04-29 18:35:21,2018-12-03 02:07:21,,
92,107,McKern and Stewart 1957,Skeletal Age Changes in Young American Males.  Quartermaster Research and Development Command Technical Report.,Age,"",Age estimation by scoring epiphyseal closures,true,false,,System,System,2018-04-29 18:35:21,2019-12-27 05:09:03,,,https://cora-docs.readthedocs.io/en/latest/forensics-anthro-guide/methods/#mckern-tw-stewart-td-1957
241,107,Schaefer et al 2009,Juvenile Osteology.  Elsevier.,Age,"",Age estimation based on various skeletal morphology,true,false,,System,System,2018-04-29 18:35:21,2018-04-29 18:35:21,2018-12-03 02:07:21,,
93,108,McKern and Stewart 1957,Skeletal Age Changes in Young American Males.  Quartermaster Research and Development Command Technical Report.,Age,"",Age estimation by scoring epiphyseal closures,true,false,,System,System,2018-04-29 18:35:21,2019-12-27 05:09:03,,,https://cora-docs.readthedocs.io/en/latest/forensics-anthro-guide/methods/#mckern-tw-stewart-td-1957
242,108,Schaefer et al 2009,Juvenile Osteology.  Elsevier.,Age,"",Age estimation based on various skeletal morphology,true,false,,System,System,2018-04-29 18:35:21,2018-04-29 18:35:21,2018-12-03 02:07:21,,
94,109,McKern and Stewart 1957,Skeletal Age Changes in Young American Males.  Quartermaster Research and Development Command Technical Report.,Age,"",Age estimation by scoring epiphyseal closures,true,false,,System,System,2018-04-29 18:35:21,2019-12-27 05:09:03,,,https://cora-docs.readthedocs.io/en/latest/forensics-anthro-guide/methods/#mckern-tw-stewart-td-1957
243,109,Schaefer et al 2009,Juvenile Osteology.  Elsevier.,Age,"",Age estimation based on various skeletal morphology,true,false,,System,System,2018-04-29 18:35:21,2018-04-29 18:35:21,2018-12-03 02:07:21,,
95,110,McKern and Stewart 1957,Skeletal Age Changes in Young American Males.  Quartermaster Research and Development Command Technical Report.,Age,"",Age estimation by scoring epiphyseal closures,true,false,,System,System,2018-04-29 18:35:21,2019-12-27 05:09:03,,,https://cora-docs.readthedocs.io/en/latest/forensics-anthro-guide/methods/#mckern-tw-stewart-td-1957
244,110,Schaefer et al 2009,Juvenile Osteology.  Elsevier.,Age,"",Age estimation based on various skeletal morphology,true,false,,System,System,2018-04-29 18:35:21,2018-04-29 18:35:21,2018-12-03 02:07:21,,
96,111,McKern and Stewart 1957,Skeletal Age Changes in Young American Males.  Quartermaster Research and Development Command Technical Report.,Age,"",Age estimation by scoring epiphyseal closures,true,false,,System,System,2018-04-29 18:35:21,2019-12-27 05:09:03,,,https://cora-docs.readthedocs.io/en/latest/forensics-anthro-guide/methods/#mckern-tw-stewart-td-1957
245,111,Schaefer et al 2009,Juvenile Osteology.  Elsevier.,Age,"",Age estimation based on various skeletal morphology,true,false,,System,System,2018-04-29 18:35:21,2018-04-29 18:35:21,2018-12-03 02:07:21,,
97,112,McKern and Stewart 1957,Skeletal Age Changes in Young American Males.  Quartermaster Research and Development Command Technical Report.,Age,"",Age estimation by scoring epiphyseal closures,true,false,,System,System,2018-04-29 18:35:21,2019-12-27 05:09:03,,,https://cora-docs.readthedocs.io/en/latest/forensics-anthro-guide/methods/#mckern-tw-stewart-td-1957
246,112,Schaefer et al 2009,Juvenile Osteology.  Elsevier.,Age,"",Age estimation based on various skeletal morphology,true,false,,System,System,2018-04-29 18:35:21,2018-04-29 18:35:21,2018-12-03 02:07:21,,
98,113,McKern and Stewart 1957,Skeletal Age Changes in Young American Males.  Quartermaster Research and Development Command Technical Report.,Age,"",Age estimation by scoring epiphyseal closures,true,false,,System,System,2018-04-29 18:35:21,2019-12-27 05:09:03,,,https://cora-docs.readthedocs.io/en/latest/forensics-anthro-guide/methods/#mckern-tw-stewart-td-1957
247,113,Schaefer et al 2009,Juvenile Osteology.  Elsevier.,Age,"",Age estimation based on various skeletal morphology,true,false,,System,System,2018-04-29 18:35:21,2018-04-29 18:35:21,2018-12-03 02:07:21,,
99,114,McKern and Stewart 1957,Skeletal Age Changes in Young American Males.  Quartermaster Research and Development Command Technical Report.,Age,"",Age estimation by scoring epiphyseal closures,true,false,,System,System,2018-04-29 18:35:21,2019-12-27 05:09:03,,,https://cora-docs.readthedocs.io/en/latest/forensics-anthro-guide/methods/#mckern-tw-stewart-td-1957
248,114,Schaefer et al 2009,Juvenile Osteology.  Elsevier.,Age,"",Age estimation based on various skeletal morphology,true,false,,System,System,2018-04-29 18:35:21,2018-04-29 18:35:21,2018-12-03 02:07:21,,
100,115,McKern and Stewart 1957,Skeletal Age Changes in Young American Males.  Quartermaster Research and Development Command Technical Report.,Age,"",Age estimation by scoring epiphyseal closures,true,false,,System,System,2018-04-29 18:35:21,2019-12-27 05:09:03,,,https://cora-docs.readthedocs.io/en/latest/forensics-anthro-guide/methods/#mckern-tw-stewart-td-1957
310,115,Schaefer 2008,A summary of epiphyseal union timings in Bosnian males. International Journal of Osteoarchaeology 18(5):536-545,Age,"",Age estimation based on epiphyseal fusion,true,false,,System,System,2018-12-08 16:50:35,2019-12-27 05:09:03,,,https://cora-docs.readthedocs.io/en/latest/forensics-anthro-guide/methods/#schaefer-mc-2008
249,115,Schaefer et al 2009,Juvenile Osteology.  Elsevier.,Age,"",Age estimation based on various skeletal morphology,true,false,,System,System,2018-04-29 18:35:21,2018-04-29 18:35:21,2018-12-03 02:07:21,,
250,116,Schaefer et al 2009,Juvenile Osteology.  Elsevier.,Age,"",Age estimation based on various skeletal morphology,true,false,,System,System,2018-04-29 18:35:21,2018-04-29 18:35:21,2018-12-03 02:07:21,,
101,117,McKern and Stewart 1957,Skeletal Age Changes in Young American Males.  Quartermaster Research and Development Command Technical Report.,Age,"",Age estimation by scoring epiphyseal closures,true,false,,System,System,2018-04-29 18:35:21,2019-12-27 05:09:03,,,https://cora-docs.readthedocs.io/en/latest/forensics-anthro-guide/methods/#mckern-tw-stewart-td-1957
309,117,Schaefer 2008,A summary of epiphyseal union timings in Bosnian males. International Journal of Osteoarchaeology 18(5):536-545,Age,"",Age estimation based on epiphyseal fusion,true,false,,System,System,2018-12-08 16:50:35,2019-12-27 05:09:03,,,https://cora-docs.readthedocs.io/en/latest/forensics-anthro-guide/methods/#schaefer-mc-2008
251,117,Schaefer et al 2009,Juvenile Osteology.  Elsevier.,Age,"",Age estimation based on various skeletal morphology,true,false,,System,System,2018-04-29 18:35:21,2018-04-29 18:35:21,2018-12-03 02:07:21,,
252,118,Schaefer et al 2009,Juvenile Osteology.  Elsevier.,Age,"",Age estimation based on various skeletal morphology,true,false,,System,System,2018-04-29 18:35:21,2018-04-29 18:35:21,2018-12-03 02:07:21,,
253,120,Schaefer et al 2009,Juvenile Osteology.  Elsevier.,Age,"",Age estimation based on various skeletal morphology,true,false,,System,System,2018-04-29 18:35:21,2018-04-29 18:35:21,2018-12-03 02:07:21,,
102,122,McKern and Stewart 1957,Skeletal Age Changes in Young American Males.  Quartermaster Research and Development Command Technical Report.,Age,"",Age estimation by scoring epiphyseal closures,true,false,,System,System,2018-04-29 18:35:21,2019-12-27 05:09:03,,,https://cora-docs.readthedocs.io/en/latest/forensics-anthro-guide/methods/#mckern-tw-stewart-td-1957
254,122,Schaefer et al 2009,Juvenile Osteology.  Elsevier.,Age,"",Age estimation based on various skeletal morphology,true,false,,System,System,2018-04-29 18:35:21,2018-04-29 18:35:21,2018-12-03 02:07:21,,
103,123,McKern and Stewart 1957,Skeletal Age Changes in Young American Males.  Quartermaster Research and Development Command Technical Report.,Age,"",Age estimation by scoring epiphyseal closures,true,false,,System,System,2018-04-29 18:35:21,2019-12-27 05:09:03,,,https://cora-docs.readthedocs.io/en/latest/forensics-anthro-guide/methods/#mckern-tw-stewart-td-1957
311,123,Schaefer 2008,A summary of epiphyseal union timings in Bosnian males. International Journal of Osteoarchaeology 18(5):536-545,Age,"",Age estimation based on epiphyseal fusion,true,false,,System,System,2018-12-08 16:50:35,2019-12-27 05:09:03,,,https://cora-docs.readthedocs.io/en/latest/forensics-anthro-guide/methods/#schaefer-mc-2008
255,123,Schaefer et al 2009,Juvenile Osteology.  Elsevier.,Age,"",Age estimation based on various skeletal morphology,true,false,,System,System,2018-04-29 18:35:21,2018-04-29 18:35:21,2018-12-03 02:07:21,,
256,124,Schaefer et al 2009,Juvenile Osteology.  Elsevier.,Age,"",Age estimation based on various skeletal morphology,true,false,,System,System,2018-04-29 18:35:21,2018-04-29 18:35:21,2018-12-03 02:07:21,,
257,125,Schaefer et al 2009,Juvenile Osteology.  Elsevier.,Age,"",Age estimation based on various skeletal morphology,true,false,,System,System,2018-04-29 18:35:21,2018-04-29 18:35:21,2018-12-03 02:07:21,,
298,125,Walker 2008,AJPA 136:39-50,Sex,"",Sex estimation by scoring cranial morphology,true,false,,System,System,2018-04-29 18:35:21,2019-12-27 05:09:03,,,https://cora-docs.readthedocs.io/en/latest/forensics-anthro-guide/methods/#walker-pl-2008
258,126,Schaefer et al 2009,Juvenile Osteology.  Elsevier.,Age,"",Age estimation based on various skeletal morphology,true,false,,System,System,2018-04-29 18:35:21,2018-04-29 18:35:21,2018-12-03 02:07:21,,
1,127,Albert and Maples 1995,JFS 40(4):623-633,Age,"",Age estimate by scoring vertebral fusion,true,false,,System,System,2018-04-29 18:35:21,2019-12-27 05:09:03,,,https://cora-docs.readthedocs.io/en/latest/forensics-anthro-guide/methods/#albert-am-maples-wr-1995
104,127,McKern and Stewart 1957,Skeletal Age Changes in Young American Males.  Quartermaster Research and Development Command Technical Report.,Age,"",Age estimation by scoring epiphyseal closures,true,false,,System,System,2018-04-29 18:35:21,2019-12-27 05:09:03,,,https://cora-docs.readthedocs.io/en/latest/forensics-anthro-guide/methods/#mckern-tw-stewart-td-1957
259,127,Schaefer et al 2009,Juvenile Osteology.  Elsevier.,Age,"",Age estimation based on various skeletal morphology,true,false,,System,System,2018-04-29 18:35:21,2018-04-29 18:35:21,2018-12-03 02:07:21,,
16,128,Albert and Maples 1995,JFS 40(4):623-633,Age,"",Age estimate by scoring vertebral fusion,true,false,,System,System,2018-04-29 18:35:21,2019-12-27 05:09:03,,,https://cora-docs.readthedocs.io/en/latest/forensics-anthro-guide/methods/#albert-am-maples-wr-1995
105,128,McKern and Stewart 1957,Skeletal Age Changes in Young American Males.  Quartermaster Research and Development Command Technical Report.,Age,"",Age estimation by scoring epiphyseal closures,true,false,,System,System,2018-04-29 18:35:21,2019-12-27 05:09:03,,,https://cora-docs.readthedocs.io/en/latest/forensics-anthro-guide/methods/#mckern-tw-stewart-td-1957
260,128,Schaefer et al 2009,Juvenile Osteology.  Elsevier.,Age,"",Age estimation based on various skeletal morphology,true,false,,System,System,2018-04-29 18:35:21,2018-04-29 18:35:21,2018-12-03 02:07:21,,
10,129,Albert and Maples 1995,JFS 40(4):623-633,Age,"",Age estimate by scoring vertebral fusion,true,false,,System,System,2018-04-29 18:35:21,2019-12-27 05:09:03,,,https://cora-docs.readthedocs.io/en/latest/forensics-anthro-guide/methods/#albert-am-maples-wr-1995
106,129,McKern and Stewart 1957,Skeletal Age Changes in Young American Males.  Quartermaster Research and Development Command Technical Report.,Age,"",Age estimation by scoring epiphyseal closures,true,false,,System,System,2018-04-29 18:35:21,2019-12-27 05:09:03,,,https://cora-docs.readthedocs.io/en/latest/forensics-anthro-guide/methods/#mckern-tw-stewart-td-1957
261,129,Schaefer et al 2009,Juvenile Osteology.  Elsevier.,Age,"",Age estimation based on various skeletal morphology,true,false,,System,System,2018-04-29 18:35:21,2018-04-29 18:35:21,2018-12-03 02:07:21,,
14,130,Albert and Maples 1995,JFS 40(4):623-633,Age,"",Age estimate by scoring vertebral fusion,true,false,,System,System,2018-04-29 18:35:21,2019-12-27 05:09:03,,,https://cora-docs.readthedocs.io/en/latest/forensics-anthro-guide/methods/#albert-am-maples-wr-1995
107,130,McKern and Stewart 1957,Skeletal Age Changes in Young American Males.  Quartermaster Research and Development Command Technical Report.,Age,"",Age estimation by scoring epiphyseal closures,true,false,,System,System,2018-04-29 18:35:21,2019-12-27 05:09:03,,,https://cora-docs.readthedocs.io/en/latest/forensics-anthro-guide/methods/#mckern-tw-stewart-td-1957
262,130,Schaefer et al 2009,Juvenile Osteology.  Elsevier.,Age,"",Age estimation based on various skeletal morphology,true,false,,System,System,2018-04-29 18:35:21,2018-04-29 18:35:21,2018-12-03 02:07:21,,
13,131,Albert and Maples 1995,JFS 40(4):623-633,Age,"",Age estimate by scoring vertebral fusion,true,false,,System,System,2018-04-29 18:35:21,2019-12-27 05:09:03,,,https://cora-docs.readthedocs.io/en/latest/forensics-anthro-guide/methods/#albert-am-maples-wr-1995
108,131,McKern and Stewart 1957,Skeletal Age Changes in Young American Males.  Quartermaster Research and Development Command Technical Report.,Age,"",Age estimation by scoring epiphyseal closures,true,false,,System,System,2018-04-29 18:35:21,2019-12-27 05:09:03,,,https://cora-docs.readthedocs.io/en/latest/forensics-anthro-guide/methods/#mckern-tw-stewart-td-1957
263,131,Schaefer et al 2009,Juvenile Osteology.  Elsevier.,Age,"",Age estimation based on various skeletal morphology,true,false,,System,System,2018-04-29 18:35:21,2018-04-29 18:35:21,2018-12-03 02:07:21,,
11,132,Albert and Maples 1995,JFS 40(4):623-633,Age,"",Age estimate by scoring vertebral fusion,true,false,,System,System,2018-04-29 18:35:21,2019-12-27 05:09:03,,,https://cora-docs.readthedocs.io/en/latest/forensics-anthro-guide/methods/#albert-am-maples-wr-1995
109,132,McKern and Stewart 1957,Skeletal Age Changes in Young American Males.  Quartermaster Research and Development Command Technical Report.,Age,"",Age estimation by scoring epiphyseal closures,true,false,,System,System,2018-04-29 18:35:21,2019-12-27 05:09:03,,,https://cora-docs.readthedocs.io/en/latest/forensics-anthro-guide/methods/#mckern-tw-stewart-td-1957
264,132,Schaefer et al 2009,Juvenile Osteology.  Elsevier.,Age,"",Age estimation based on various skeletal morphology,true,false,,System,System,2018-04-29 18:35:21,2018-04-29 18:35:21,2018-12-03 02:07:21,,
15,133,Albert and Maples 1995,JFS 40(4):623-633,Age,"",Age estimate by scoring vertebral fusion,true,false,,System,System,2018-04-29 18:35:21,2019-12-27 05:09:03,,,https://cora-docs.readthedocs.io/en/latest/forensics-anthro-guide/methods/#albert-am-maples-wr-1995
110,133,McKern and Stewart 1957,Skeletal Age Changes in Young American Males.  Quartermaster Research and Development Command Technical Report.,Age,"",Age estimation by scoring epiphyseal closures,true,false,,System,System,2018-04-29 18:35:21,2019-12-27 05:09:03,,,https://cora-docs.readthedocs.io/en/latest/forensics-anthro-guide/methods/#mckern-tw-stewart-td-1957
265,133,Schaefer et al 2009,Juvenile Osteology.  Elsevier.,Age,"",Age estimation based on various skeletal morphology,true,false,,System,System,2018-04-29 18:35:21,2018-04-29 18:35:21,2018-12-03 02:07:21,,
12,134,Albert and Maples 1995,JFS 40(4):623-633,Age,"",Age estimate by scoring vertebral fusion,true,false,,System,System,2018-04-29 18:35:21,2019-12-27 05:09:03,,,https://cora-docs.readthedocs.io/en/latest/forensics-anthro-guide/methods/#albert-am-maples-wr-1995
111,134,McKern and Stewart 1957,Skeletal Age Changes in Young American Males.  Quartermaster Research and Development Command Technical Report.,Age,"",Age estimation by scoring epiphyseal closures,true,false,,System,System,2018-04-29 18:35:21,2019-12-27 05:09:03,,,https://cora-docs.readthedocs.io/en/latest/forensics-anthro-guide/methods/#mckern-tw-stewart-td-1957
266,134,Schaefer et al 2009,Juvenile Osteology.  Elsevier.,Age,"",Age estimation based on various skeletal morphology,true,false,,System,System,2018-04-29 18:35:21,2018-04-29 18:35:21,2018-12-03 02:07:21,,
2,136,Albert and Maples 1995,JFS 40(4):623-633,Age,"",Age estimate by scoring vertebral fusion,true,false,,System,System,2018-04-29 18:35:21,2019-12-27 05:09:03,,,https://cora-docs.readthedocs.io/en/latest/forensics-anthro-guide/methods/#albert-am-maples-wr-1995
112,136,McKern and Stewart 1957,Skeletal Age Changes in Young American Males.  Quartermaster Research and Development Command Technical Report.,Age,"",Age estimation by scoring epiphyseal closures,true,false,,System,System,2018-04-29 18:35:21,2019-12-27 05:09:03,,,https://cora-docs.readthedocs.io/en/latest/forensics-anthro-guide/methods/#mckern-tw-stewart-td-1957
267,136,Schaefer et al 2009,Juvenile Osteology.  Elsevier.,Age,"",Age estimation based on various skeletal morphology,true,false,,System,System,2018-04-29 18:35:21,2018-04-29 18:35:21,2018-12-03 02:07:21,,
3,137,Albert and Maples 1995,JFS 40(4):623-633,Age,"",Age estimate by scoring vertebral fusion,true,false,,System,System,2018-04-29 18:35:21,2019-12-27 05:09:03,,,https://cora-docs.readthedocs.io/en/latest/forensics-anthro-guide/methods/#albert-am-maples-wr-1995
113,137,McKern and Stewart 1957,Skeletal Age Changes in Young American Males.  Quartermaster Research and Development Command Technical Report.,Age,"",Age estimation by scoring epiphyseal closures,true,false,,System,System,2018-04-29 18:35:21,2019-12-27 05:09:03,,,https://cora-docs.readthedocs.io/en/latest/forensics-anthro-guide/methods/#mckern-tw-stewart-td-1957
268,137,Schaefer et al 2009,Juvenile Osteology.  Elsevier.,Age,"",Age estimation based on various skeletal morphology,true,false,,System,System,2018-04-29 18:35:21,2018-04-29 18:35:21,2018-12-03 02:07:21,,
4,138,Albert and Maples 1995,JFS 40(4):623-633,Age,"",Age estimate by scoring vertebral fusion,true,false,,System,System,2018-04-29 18:35:21,2019-12-27 05:09:03,,,https://cora-docs.readthedocs.io/en/latest/forensics-anthro-guide/methods/#albert-am-maples-wr-1995
114,138,McKern and Stewart 1957,Skeletal Age Changes in Young American Males.  Quartermaster Research and Development Command Technical Report.,Age,"",Age estimation by scoring epiphyseal closures,true,false,,System,System,2018-04-29 18:35:21,2019-12-27 05:09:03,,,https://cora-docs.readthedocs.io/en/latest/forensics-anthro-guide/methods/#mckern-tw-stewart-td-1957
269,138,Schaefer et al 2009,Juvenile Osteology.  Elsevier.,Age,"",Age estimation based on various skeletal morphology,true,false,,System,System,2018-04-29 18:35:21,2018-04-29 18:35:21,2018-12-03 02:07:21,,
5,139,Albert and Maples 1995,JFS 40(4):623-633,Age,"",Age estimate by scoring vertebral fusion,true,false,,System,System,2018-04-29 18:35:21,2019-12-27 05:09:03,,,https://cora-docs.readthedocs.io/en/latest/forensics-anthro-guide/methods/#albert-am-maples-wr-1995
115,139,McKern and Stewart 1957,Skeletal Age Changes in Young American Males.  Quartermaster Research and Development Command Technical Report.,Age,"",Age estimation by scoring epiphyseal closures,true,false,,System,System,2018-04-29 18:35:21,2019-12-27 05:09:03,,,https://cora-docs.readthedocs.io/en/latest/forensics-anthro-guide/methods/#mckern-tw-stewart-td-1957
270,139,Schaefer et al 2009,Juvenile Osteology.  Elsevier.,Age,"",Age estimation based on various skeletal morphology,true,false,,System,System,2018-04-29 18:35:21,2018-04-29 18:35:21,2018-12-03 02:07:21,,
6,140,Albert and Maples 1995,JFS 40(4):623-633,Age,"",Age estimate by scoring vertebral fusion,true,false,,System,System,2018-04-29 18:35:21,2019-12-27 05:09:03,,,https://cora-docs.readthedocs.io/en/latest/forensics-anthro-guide/methods/#albert-am-maples-wr-1995
116,140,McKern and Stewart 1957,Skeletal Age Changes in Young American Males.  Quartermaster Research and Development Command Technical Report.,Age,"",Age estimation by scoring epiphyseal closures,true,false,,System,System,2018-04-29 18:35:21,2019-12-27 05:09:03,,,https://cora-docs.readthedocs.io/en/latest/forensics-anthro-guide/methods/#mckern-tw-stewart-td-1957
271,140,Schaefer et al 2009,Juvenile Osteology.  Elsevier.,Age,"",Age estimation based on various skeletal morphology,true,false,,System,System,2018-04-29 18:35:21,2018-04-29 18:35:21,2018-12-03 02:07:21,,
7,141,Albert and Maples 1995,JFS 40(4):623-633,Age,"",Age estimate by scoring vertebral fusion,true,false,,System,System,2018-04-29 18:35:21,2019-12-27 05:09:03,,,https://cora-docs.readthedocs.io/en/latest/forensics-anthro-guide/methods/#albert-am-maples-wr-1995
117,141,McKern and Stewart 1957,Skeletal Age Changes in Young American Males.  Quartermaster Research and Development Command Technical Report.,Age,"",Age estimation by scoring epiphyseal closures,true,false,,System,System,2018-04-29 18:35:21,2019-12-27 05:09:03,,,https://cora-docs.readthedocs.io/en/latest/forensics-anthro-guide/methods/#mckern-tw-stewart-td-1957
272,141,Schaefer et al 2009,Juvenile Osteology.  Elsevier.,Age,"",Age estimation based on various skeletal morphology,true,false,,System,System,2018-04-29 18:35:21,2018-04-29 18:35:21,2018-12-03 02:07:21,,
8,142,Albert and Maples 1995,JFS 40(4):623-633,Age,"",Age estimate by scoring vertebral fusion,true,false,,System,System,2018-04-29 18:35:21,2019-12-27 05:09:03,,,https://cora-docs.readthedocs.io/en/latest/forensics-anthro-guide/methods/#albert-am-maples-wr-1995
118,142,McKern and Stewart 1957,Skeletal Age Changes in Young American Males.  Quartermaster Research and Development Command Technical Report.,Age,"",Age estimation by scoring epiphyseal closures,true,false,,System,System,2018-04-29 18:35:21,2019-12-27 05:09:03,,,https://cora-docs.readthedocs.io/en/latest/forensics-anthro-guide/methods/#mckern-tw-stewart-td-1957
273,142,Schaefer et al 2009,Juvenile Osteology.  Elsevier.,Age,"",Age estimation based on various skeletal morphology,true,false,,System,System,2018-04-29 18:35:21,2018-04-29 18:35:21,2018-12-03 02:07:21,,
9,143,Albert and Maples 1995,JFS 40(4):623-633,Age,"",Age estimate by scoring vertebral fusion,true,false,,System,System,2018-04-29 18:35:21,2019-12-27 05:09:03,,,https://cora-docs.readthedocs.io/en/latest/forensics-anthro-guide/methods/#albert-am-maples-wr-1995
119,143,McKern and Stewart 1957,Skeletal Age Changes in Young American Males.  Quartermaster Research and Development Command Technical Report.,Age,"",Age estimation by scoring epiphyseal closures,true,false,,System,System,2018-04-29 18:35:21,2019-12-27 05:09:03,,,https://cora-docs.readthedocs.io/en/latest/forensics-anthro-guide/methods/#mckern-tw-stewart-td-1957
274,143,Schaefer et al 2009,Juvenile Osteology.  Elsevier.,Age,"",Age estimation based on various skeletal morphology,true,false,,System,System,2018-04-29 18:35:21,2018-04-29 18:35:21,2018-12-03 02:07:21,,
120,144,McKern and Stewart 1957,Skeletal Age Changes in Young American Males.  Quartermaster Research and Development Command Technical Report.,Age,"",Age estimation by scoring epiphyseal closures,true,false,,System,System,2018-04-29 18:35:21,2019-12-27 05:09:03,,,https://cora-docs.readthedocs.io/en/latest/forensics-anthro-guide/methods/#mckern-tw-stewart-td-1957
305,144,Schaefer 2008,A summary of epiphyseal union timings in Bosnian males. International Journal of Osteoarchaeology 18(5):536-545,Age,"",Age estimation based on epiphyseal fusion,true,false,,System,System,2018-12-08 16:50:35,2019-12-27 05:09:03,,,https://cora-docs.readthedocs.io/en/latest/forensics-anthro-guide/methods/#schaefer-mc-2008
275,144,Schaefer et al 2009,Juvenile Osteology.  Elsevier.,Age,"",Age estimation based on various skeletal morphology,true,false,,System,System,2018-04-29 18:35:21,2018-04-29 18:35:21,2018-12-03 02:07:21,,
276,145,Schaefer et al 2009,Juvenile Osteology.  Elsevier.,Age,"",Age estimation based on various skeletal morphology,true,false,,System,System,2018-04-29 18:35:21,2018-04-29 18:35:21,2018-12-03 02:07:21,,
277,146,Schaefer et al 2009,Juvenile Osteology.  Elsevier.,Age,"",Age estimation based on various skeletal morphology,true,false,,System,System,2018-04-29 18:35:21,2018-04-29 18:35:21,2018-12-03 02:07:21,,
278,147,Schaefer et al 2009,Juvenile Osteology.  Elsevier.,Age,"",Age estimation based on various skeletal morphology,true,false,,System,System,2018-04-29 18:35:21,2018-04-29 18:35:21,2018-12-03 02:07:21,,
121,148,McKern and Stewart 1957,Skeletal Age Changes in Young American Males.  Quartermaster Research and Development Command Technical Report.,Age,"",Age estimation by scoring epiphyseal closures,true,false,,System,System,2018-04-29 18:35:21,2019-12-27 05:09:03,,,https://cora-docs.readthedocs.io/en/latest/forensics-anthro-guide/methods/#mckern-tw-stewart-td-1957
303,148,Schaefer 2008,A summary of epiphyseal union timings in Bosnian males. International Journal of Osteoarchaeology 18(5):536-545,Age,"",Age estimation based on epiphyseal fusion,true,false,,System,System,2018-12-08 16:50:35,2019-12-27 05:09:03,,,https://cora-docs.readthedocs.io/en/latest/forensics-anthro-guide/methods/#schaefer-mc-2008
279,148,Schaefer et al 2009,Juvenile Osteology.  Elsevier.,Age,"",Age estimation based on various skeletal morphology,true,false,,System,System,2018-04-29 18:35:21,2018-04-29 18:35:21,2018-12-03 02:07:21,,
125,154,McKern and Stewart 1957,Skeletal Age Changes in Young American Males.  Quartermaster Research and Development Command Technical Report.,Age,"",Age estimation by scoring epiphyseal closures,true,false,,System,System,2018-04-29 18:35:21,2019-12-27 05:09:03,,,https://cora-docs.readthedocs.io/en/latest/forensics-anthro-guide/methods/#mckern-tw-stewart-td-1957
291,154,Schaefer et al 2009,Juvenile Osteology.  Elsevier.,Age,"",Age estimation based on various skeletal morphology,true,false,,System,System,2018-04-29 18:35:21,2018-04-29 18:35:21,2018-12-03 02:07:21,,
122,155,McKern and Stewart 1957,Skeletal Age Changes in Young American Males.  Quartermaster Research and Development Command Technical Report.,Age,"",Age estimation by scoring epiphyseal closures,true,false,,System,System,2018-04-29 18:35:21,2019-12-27 05:09:03,,,https://cora-docs.readthedocs.io/en/latest/forensics-anthro-guide/methods/#mckern-tw-stewart-td-1957
280,155,Schaefer et al 2009,Juvenile Osteology.  Elsevier.,Age,"",Age estimation based on various skeletal morphology,true,false,,System,System,2018-04-29 18:35:21,2018-04-29 18:35:21,2018-12-03 02:07:21,,
281,156,Schaefer et al 2009,Juvenile Osteology.  Elsevier.,Age,"",Age estimation based on various skeletal morphology,true,false,,System,System,2018-04-29 18:35:21,2018-04-29 18:35:21,2018-12-03 02:07:21,,
282,157,Schaefer et al 2009,Juvenile Osteology.  Elsevier.,Age,"",Age estimation based on various skeletal morphology,true,false,,System,System,2018-04-29 18:35:21,2018-04-29 18:35:21,2018-12-03 02:07:21,,
283,158,Schaefer et al 2009,Juvenile Osteology.  Elsevier.,Age,"",Age estimation based on various skeletal morphology,true,false,,System,System,2018-04-29 18:35:21,2018-04-29 18:35:21,2018-12-03 02:07:21,,
284,159,Schaefer et al 2009,Juvenile Osteology.  Elsevier.,Age,"",Age estimation based on various skeletal morphology,true,false,,System,System,2018-04-29 18:35:21,2018-04-29 18:35:21,2018-12-03 02:07:21,,
18,160,Albert and Maples 1995,JFS 40(4):623-633,Age,"",Age estimate by scoring vertebral fusion,true,false,,System,System,2018-04-29 18:35:21,2019-12-27 05:09:03,,,https://cora-docs.readthedocs.io/en/latest/forensics-anthro-guide/methods/#albert-am-maples-wr-1995
123,160,McKern and Stewart 1957,Skeletal Age Changes in Young American Males.  Quartermaster Research and Development Command Technical Report.,Age,"",Age estimation by scoring epiphyseal closures,true,false,,System,System,2018-04-29 18:35:21,2019-12-27 05:09:03,,,https://cora-docs.readthedocs.io/en/latest/forensics-anthro-guide/methods/#mckern-tw-stewart-td-1957
285,160,Schaefer et al 2009,Juvenile Osteology.  Elsevier.,Age,"",Age estimation based on various skeletal morphology,true,false,,System,System,2018-04-29 18:35:21,2018-04-29 18:35:21,2018-12-03 02:07:21,,
286,161,Schaefer et al 2009,Juvenile Osteology.  Elsevier.,Age,"",Age estimation based on various skeletal morphology,true,false,,System,System,2018-04-29 18:35:21,2018-04-29 18:35:21,2018-12-03 02:07:21,,
287,162,Schaefer et al 2009,Juvenile Osteology.  Elsevier.,Age,"",Age estimation based on various skeletal morphology,true,false,,System,System,2018-04-29 18:35:21,2018-04-29 18:35:21,2018-12-03 02:07:21,,
288,163,Schaefer et al 2009,Juvenile Osteology.  Elsevier.,Age,"",Age estimation based on various skeletal morphology,true,false,,System,System,2018-04-29 18:35:21,2018-04-29 18:35:21,2018-12-03 02:07:21,,
289,164,Schaefer et al 2009,Juvenile Osteology.  Elsevier.,Age,"",Age estimation based on various skeletal morphology,true,false,,System,System,2018-04-29 18:35:21,2018-04-29 18:35:21,2018-12-03 02:07:21,,
78,165,McKern and Stewart 1957,Skeletal Age Changes in Young American Males.  Quartermaster Research and Development Command Technical Report.,Age,"",Age estimation by scoring epiphyseal closures,true,false,,System,System,2018-04-29 18:35:21,2019-12-27 05:09:03,,,https://cora-docs.readthedocs.io/en/latest/forensics-anthro-guide/methods/#mckern-tw-stewart-td-1957
227,165,Schaefer et al 2009,Juvenile Osteology.  Elsevier.,Age,"",Age estimation based on various skeletal morphology,true,false,,System,System,2018-04-29 18:35:21,2018-04-29 18:35:21,2018-12-03 02:07:21,,
17,166,Albert and Maples 1995,JFS 40(4):623-633,Age,"",Age estimate by scoring vertebral fusion,true,false,,System,System,2018-04-29 18:35:21,2019-12-27 05:09:03,,,https://cora-docs.readthedocs.io/en/latest/forensics-anthro-guide/methods/#albert-am-maples-wr-1995
124,166,McKern and Stewart 1957,Skeletal Age Changes in Young American Males.  Quartermaster Research and Development Command Technical Report.,Age,"",Age estimation by scoring epiphyseal closures,true,false,,System,System,2018-04-29 18:35:21,2019-12-27 05:09:03,,,https://cora-docs.readthedocs.io/en/latest/forensics-anthro-guide/methods/#mckern-tw-stewart-td-1957
290,166,Schaefer et al 2009,Juvenile Osteology.  Elsevier.,Age,"",Age estimation based on various skeletal morphology,true,false,,System,System,2018-04-29 18:35:21,2018-04-29 18:35:21,2018-12-03 02:07:21,,
292,167,Schaefer et al 2009,Juvenile Osteology.  Elsevier.,Age,"",Age estimation based on various skeletal morphology,true,false,,System,System,2018-04-29 18:35:21,2018-04-29 18:35:21,2018-12-03 02:07:21,,
293,168,Schaefer et al 2009,Juvenile Osteology.  Elsevier.,Age,"",Age estimation based on various skeletal morphology,true,false,,System,System,2018-04-29 18:35:21,2018-04-29 18:35:21,2018-12-03 02:07:21,,
294,169,Schaefer et al 2009,Juvenile Osteology.  Elsevier.,Age,"",Age estimation based on various skeletal morphology,true,false,,System,System,2018-04-29 18:35:21,2018-04-29 18:35:21,2018-12-03 02:07:21,,
312,174,Mincer et al 1993,JFS 38:379-390,Age,"",Age estimation of White males by scoring third molar development,true,false,,System,System,2019-11-03 02:18:40,2019-12-27 05:09:03,,,https://cora-docs.readthedocs.io/en/latest/forensics-anthro-guide/methods/#mincer-hh-harris-ef-berryman-he-1993
313,189,Mincer et al 1993,JFS 38:379-390,Age,"",Age estimation of White males by scoring third molar development,true,false,,System,System,2019-11-03 02:18:40,2019-12-27 05:09:03,,,https://cora-docs.readthedocs.io/en/latest/forensics-anthro-guide/methods/#mincer-hh-harris-ef-berryman-he-1993
314,190,Mincer et al 1993,JFS 38:379-390,Age,"",Age estimation of White males by scoring third molar development,true,false,,System,System,2019-11-03 02:18:40,2019-12-27 05:09:03,,,https://cora-docs.readthedocs.io/en/latest/forensics-anthro-guide/methods/#mincer-hh-harris-ef-berryman-he-1993
315,205,Mincer et al 1993,JFS 38:379-390,Age,"",Age estimation of White males by scoring third molar development,true,false,,System,System,2019-11-03 02:18:40,2019-12-27 05:09:03,,,https://cora-docs.readthedocs.io/en/latest/forensics-anthro-guide/methods/#mincer-hh-harris-ef-berryman-he-1993
