id,name,search_name,category,type,group,description,paired,articulated,refit,zones,measurements,dental,image_zones,image_measurements,created_by,updated_by,created_at,updated_at,deleted_at,countable,mni,morphology,methods,middle
1,Accessory rib,accessory rib,Thoracic Cage,Flat,Axial,Rib,false,true,false,true,false,false,ribs_500.png,,System,System,2018-04-29 18:35:07,2019-12-27 05:08:55,,false,false,false,true,false
215,Anterior Tooth,anterior tooth,teeth,Tooth,Tooth,Anterior Tooth,false,true,false,true,false,true,,,System,System,2019-11-09 05:44:25,2019-12-27 05:08:55,,false,false,true,false,false
2,Calcaneus,calcaneus,Lower Extremity,Irregular,Appendicular,Ankle,true,true,false,true,true,false,foot_right_500.png,calcaneus_500.png,System,System,2018-04-29 18:35:07,2019-12-27 05:08:55,,false,true,true,true,false
212,Canine,canine,teeth,Tooth,Tooth,Canine Tooth,false,true,false,true,false,true,,,System,System,2019-11-09 05:44:25,2019-12-27 05:08:55,,false,false,true,false,false
3,Capitate,capitate,Upper Extremity,Irregular,Appendicular,Wrist,true,true,false,true,true,false,hand_left_500.png,hand_500.png,System,System,2018-04-29 18:35:07,2019-12-27 05:08:55,,false,true,false,true,false
4,Cervical vertebra 1,cervical vertebra 1,Vertebral Column,Irregular,Axial,Vertebral,false,true,false,true,true,false,cervical_500.png,vertebrae_500.png,System,System,2018-04-29 18:35:07,2019-12-27 05:08:55,,false,true,true,true,true
5,Cervical vertebra 2,cervical vertebra 2,Vertebral Column,Irregular,Axial,Vertebral,false,true,false,true,true,false,cervical_500.png,vertebrae_500.png,System,System,2018-04-29 18:35:07,2019-12-27 05:08:55,,false,true,true,true,true
6,Cervical vertebra 3,cervical vertebra 3,Vertebral Column,Irregular,Axial,Vertebral,false,true,false,true,false,false,cervical_500.png,,System,System,2018-04-29 18:35:07,2019-12-27 05:08:55,,false,true,true,true,true
7,Cervical vertebra 4,cervical vertebra 4,Vertebral Column,Irregular,Axial,Vertebral,false,true,false,true,false,false,cervical_500.png,,System,System,2018-04-29 18:35:07,2019-12-27 05:08:55,,false,true,true,true,true
8,Cervical vertebra 5,cervical vertebra 5,Vertebral Column,Irregular,Axial,Vertebral,false,true,false,true,false,false,cervical_500.png,,System,System,2018-04-29 18:35:07,2019-12-27 05:08:55,,false,true,true,true,true
9,Cervical vertebra 6,cervical vertebra 6,Vertebral Column,Irregular,Axial,Vertebral,false,true,false,true,false,false,cervical_500.png,,System,System,2018-04-29 18:35:07,2019-12-27 05:08:55,,false,true,true,true,true
10,Cervical vertebra 6/7,cervical vertebra 6/7,Vertebral Column,Irregular,Axial,Vertebral,false,true,false,true,false,false,cervical_500.png,,System,System,2018-04-29 18:35:07,2019-12-27 05:08:55,,false,false,true,true,true
11,Cervical vertebra 7,cervical vertebra 7,Vertebral Column,Irregular,Axial,Vertebral,false,true,false,true,false,false,cervical_500.png,,System,System,2018-04-29 18:35:07,2019-12-27 05:08:55,,false,true,true,true,true
12,Clavicle,clavicle,Pectoral Girdle,Long bone,Appendicular,Shoulder,true,true,false,true,true,false,clavicle_left_500.png,clavicle_500.png,System,System,2018-04-29 18:35:07,2019-12-27 05:08:55,,false,true,true,true,false
13,Coccygeal vertebra 1,coccygeal vertebra 1,Vertebral Column,Irregular,Axial,Vertebral,false,true,false,false,false,false,sacrum_500.png,,System,System,2018-04-29 18:35:07,2019-12-27 05:08:55,,false,true,true,true,false
14,Coccygeal vertebra 2,coccygeal vertebra 2,Vertebral Column,Irregular,Axial,Vertebral,false,true,false,false,false,false,sacrum_500.png,,System,System,2018-04-29 18:35:07,2019-12-27 05:08:55,,false,true,true,true,false
15,Coccygeal vertebra 3,coccygeal vertebra 3,Vertebral Column,Irregular,Axial,Vertebral,false,true,false,false,false,false,sacrum_500.png,,System,System,2018-04-29 18:35:07,2019-12-27 05:08:55,,false,true,true,true,false
16,Coccygeal vertebra 4,coccygeal vertebra 4,Vertebral Column,Irregular,Axial,Vertebral,false,true,false,false,false,false,sacrum_500.png,,System,System,2018-04-29 18:35:07,2019-12-27 05:08:55,,false,true,true,true,false
17,Coccyx,coccyx,Vertebral Column,Irregular,Axial,Vertebral,false,true,false,true,false,false,sacrum_500.png,,System,System,2018-04-29 18:35:07,2019-12-27 05:08:55,,false,true,true,false,true
18,Cranium,cranium,Cranial,Irregular,Axial,Cranial,false,true,false,true,true,true,cranium_zones_composite_500.png,cranium_measurements_composite_500.png,System,System,2018-04-29 18:35:07,2019-12-27 05:08:55,,false,true,true,true,true
19,Cuboid,cuboid,Lower Extremity,Irregular,Appendicular,Ankle,true,true,false,true,true,false,foot_right_500.png,foot_500.png,System,System,2018-04-29 18:35:07,2019-12-27 05:08:55,,false,true,false,true,false
20,Distal manual phalanx 1,distal manual phalanx 1,Upper Extremity,Short bone,Appendicular,Hand,true,true,false,true,false,false,hand_left_500.png,,System,System,2018-04-29 18:35:07,2019-12-27 05:08:55,,false,true,false,true,false
21,Distal manual phalanx 2,distal manual phalanx 2,Upper Extremity,Short bone,Appendicular,Hand,true,true,false,true,false,false,hand_left_500.png,,System,System,2018-04-29 18:35:07,2019-12-27 05:08:55,,false,true,false,true,false
22,Distal manual phalanx 3,distal manual phalanx 3,Upper Extremity,Short bone,Appendicular,Hand,true,true,false,true,false,false,hand_left_500.png,,System,System,2018-04-29 18:35:07,2019-12-27 05:08:55,,false,true,false,true,false
23,Distal manual phalanx 4,distal manual phalanx 4,Upper Extremity,Short bone,Appendicular,Hand,true,true,false,true,false,false,hand_left_500.png,,System,System,2018-04-29 18:35:07,2019-12-27 05:08:55,,false,true,false,true,false
24,Distal manual phalanx 5,distal manual phalanx 5,Upper Extremity,Short bone,Appendicular,Hand,true,true,false,true,false,false,hand_left_500.png,,System,System,2018-04-29 18:35:07,2019-12-27 05:08:55,,false,true,false,true,false
25,Distal pedal phalanx 1,distal pedal phalanx 1,Lower Extremity,Short bone,Appendicular,Foot,true,true,false,true,false,false,foot_right_500.png,,System,System,2018-04-29 18:35:07,2019-12-27 05:08:55,,false,true,false,true,false
26,Distal pedal phalanx 2,distal pedal phalanx 2,Lower Extremity,Short bone,Appendicular,Foot,true,true,false,true,false,false,foot_right_500.png,,System,System,2018-04-29 18:35:07,2019-12-27 05:08:55,,false,true,false,true,false
27,Distal pedal phalanx 3,distal pedal phalanx 3,Lower Extremity,Short bone,Appendicular,Foot,true,true,false,true,false,false,foot_right_500.png,,System,System,2018-04-29 18:35:07,2019-12-27 05:08:55,,false,true,false,true,false
28,Distal pedal phalanx 4,distal pedal phalanx 4,Lower Extremity,Short bone,Appendicular,Foot,true,true,false,true,false,false,foot_right_500.png,,System,System,2018-04-29 18:35:07,2019-12-27 05:08:55,,false,true,false,true,false
29,Distal pedal phalanx 5,distal pedal phalanx 5,Lower Extremity,Short bone,Appendicular,Foot,true,true,false,true,false,false,foot_right_500.png,,System,System,2018-04-29 18:35:07,2019-12-27 05:08:55,,false,true,false,true,false
30,Ethmoid,ethmoid,Cranial,Irregular,Axial,Cranial,false,true,false,false,false,false,,,System,System,2018-04-29 18:35:07,2019-12-27 05:08:55,,false,true,false,true,false
31,Extra vertebra,extra vertebra,Vertebral Column,N/A,Axial,Vertebral,false,true,false,true,false,false,thoracic_500.png,,System,System,2018-04-29 18:35:07,2019-12-27 05:08:55,,false,false,false,true,false
32,Femur,femur,Lower Extremity,Long bone,Appendicular,Leg,true,true,false,true,true,false,femur3_500.png,femur_500.png,System,System,2018-04-29 18:35:07,2019-12-27 05:08:55,,false,true,true,true,false
33,Fibula,fibula,Lower Extremity,Long bone,Appendicular,Leg,true,true,false,true,true,false,fibula_500.png,fibula_500.png,System,System,2018-04-29 18:35:07,2019-12-27 05:08:55,,false,true,true,true,false
34,First (Medial) cuneiform,first (medial) cuneiform,Lower Extremity,Irregular,Appendicular,Ankle,true,true,false,true,true,false,foot_right_500.png,foot_500.png,System,System,2018-04-29 18:35:07,2019-12-27 05:08:55,,false,true,false,true,false
35,Frontal,frontal,Cranial,Flat,Axial,Cranial,false,true,false,true,false,false,cranium_zones_composite_500.png,,System,System,2018-04-29 18:35:07,2019-12-27 05:08:55,,false,true,true,true,false
207,Hair,hair,hair,Hair,Hair,Hair,false,false,false,false,false,false,,,System,System,2019-01-25 03:49:54,2019-12-27 05:08:55,,true,false,false,false,false
36,Hamate,hamate,Upper Extremity,Irregular,Appendicular,Wrist,true,true,false,true,true,false,hand_left_500.png,hand_500.png,System,System,2018-04-29 18:35:07,2019-12-27 05:08:55,,false,true,false,true,false
37,Humerus,humerus,Upper Extremity,Long bone,Appendicular,Arm,true,true,false,true,true,false,humerus_left_500.png,humerus_500.png,System,System,2018-04-29 18:35:07,2019-12-27 05:08:55,,false,true,true,true,false
38,Hyoid,hyoid,Cranial,Flat,Axial,Hyoid,false,true,false,true,false,false,hyoid_500.png,,System,System,2018-04-29 18:35:07,2019-12-27 05:08:55,,false,true,true,true,false
211,Incisor,incisor,teeth,Tooth,Tooth,Incisor Tooth,false,true,false,true,false,true,,,System,System,2019-11-09 05:44:25,2019-12-27 05:08:55,,false,false,true,false,false
39,Incus,incus,Cranial,Irregular,Axial,Ear ossicle,true,true,false,true,false,false,ossicles_500.png,,System,System,2018-04-29 18:35:07,2019-12-27 05:08:55,,false,true,false,false,false
40,Inferior nasal concha,inferior nasal concha,Cranial,Irregular,Axial,Cranial,true,true,false,false,false,false,,,System,System,2018-04-29 18:35:07,2019-12-27 05:08:55,,false,true,false,true,false
41,Intermediate manual phalanx 2,intermediate manual phalanx 2,Upper Extremity,Short bone,Appendicular,Hand,true,true,false,true,false,false,hand_left_500.png,,System,System,2018-04-29 18:35:07,2019-12-27 05:08:55,,false,true,false,true,false
42,Intermediate manual phalanx 3,intermediate manual phalanx 3,Upper Extremity,Short bone,Appendicular,Hand,true,true,false,true,false,false,hand_left_500.png,,System,System,2018-04-29 18:35:07,2019-12-27 05:08:55,,false,true,false,true,false
43,Intermediate manual phalanx 4,intermediate manual phalanx 4,Upper Extremity,Short bone,Appendicular,Hand,true,true,false,true,false,false,hand_left_500.png,,System,System,2018-04-29 18:35:07,2019-12-27 05:08:55,,false,true,false,true,false
44,Intermediate manual phalanx 5,intermediate manual phalanx 5,Upper Extremity,Short bone,Appendicular,Hand,true,true,false,true,false,false,hand_left_500.png,,System,System,2018-04-29 18:35:07,2019-12-27 05:08:55,,false,true,false,true,false
45,Intermediate pedal phalanx 2,intermediate pedal phalanx 2,Lower Extremity,Short bone,Appendicular,Foot,true,true,false,true,false,false,foot_right_500.png,,System,System,2018-04-29 18:35:07,2019-12-27 05:08:55,,false,true,false,true,false
46,Intermediate pedal phalanx 3,intermediate pedal phalanx 3,Lower Extremity,Short bone,Appendicular,Foot,true,true,false,true,false,false,foot_right_500.png,,System,System,2018-04-29 18:35:07,2019-12-27 05:08:55,,false,true,false,true,false
47,Intermediate pedal phalanx 4,intermediate pedal phalanx 4,Lower Extremity,Short bone,Appendicular,Foot,true,true,false,true,false,false,foot_right_500.png,,System,System,2018-04-29 18:35:07,2019-12-27 05:08:55,,false,true,false,true,false
48,Intermediate pedal phalanx 5,intermediate pedal phalanx 5,Lower Extremity,Short bone,Appendicular,Foot,true,true,false,true,false,false,foot_right_500.png,,System,System,2018-04-29 18:35:07,2019-12-27 05:08:55,,false,true,false,true,false
49,Lacrimal,lacrimal,Cranial,Flat,Axial,Cranial,true,true,false,false,false,false,,,System,System,2018-04-29 18:35:07,2019-12-27 05:08:55,,false,true,false,true,false
50,Lumbar vertebra 1,lumbar vertebra 1,Vertebral Column,Irregular,Axial,Vertebral,false,true,false,true,false,false,thoracic_500.png,,System,System,2018-04-29 18:35:07,2019-12-27 05:08:55,,false,true,true,true,true
51,Lumbar vertebra 1/2,lumbar vertebra 1/2,Vertebral Column,Irregular,Axial,Vertebral,false,true,false,true,false,false,thoracic_500.png,,System,System,2018-04-29 18:35:07,2019-12-27 05:08:55,,false,false,true,true,true
52,Lumbar vertebra 2,lumbar vertebra 2,Vertebral Column,Irregular,Axial,Vertebral,false,true,false,true,false,false,thoracic_500.png,,System,System,2018-04-29 18:35:07,2019-12-27 05:08:55,,false,true,true,true,true
53,Lumbar vertebra 2/3,lumbar vertebra 2/3,Vertebral Column,Irregular,Axial,Vertebral,false,true,false,true,false,false,thoracic_500.png,,System,System,2018-04-29 18:35:07,2019-12-27 05:08:55,,false,false,true,true,true
54,Lumbar vertebra 3,lumbar vertebra 3,Vertebral Column,Irregular,Axial,Vertebral,false,true,false,true,false,false,thoracic_500.png,,System,System,2018-04-29 18:35:07,2019-12-27 05:08:55,,false,true,true,true,true
55,Lumbar vertebra 3/4,lumbar vertebra 3/4,Vertebral Column,Irregular,Axial,Vertebral,false,true,false,true,false,false,thoracic_500.png,,System,System,2018-04-29 18:35:07,2019-12-27 05:08:55,,false,false,true,true,true
56,Lumbar vertebra 4,lumbar vertebra 4,Vertebral Column,Irregular,Axial,Vertebral,false,true,false,true,false,false,thoracic_500.png,,System,System,2018-04-29 18:35:07,2019-12-27 05:08:55,,false,true,true,true,true
57,Lumbar vertebra 4/5,lumbar vertebra 4/5,Vertebral Column,Irregular,Axial,Vertebral,false,true,false,true,false,false,thoracic_500.png,,System,System,2018-04-29 18:35:07,2019-12-27 05:08:55,,false,false,true,true,true
58,Lumbar vertebra 5,lumbar vertebra 5,Vertebral Column,Irregular,Axial,Vertebral,false,true,false,true,false,false,thoracic_500.png,,System,System,2018-04-29 18:35:07,2019-12-27 05:08:55,,false,true,true,true,true
210,Lumbar vertebra 5/Sacral vertebra 1,lumbar vertebra 5/sacral vertebra 1,Vertebral Column,Irregular,Axial,Vertebral,false,true,false,true,false,false,thoracic_500.png,,System,System,2019-09-02 15:28:56,2019-12-27 05:08:55,,false,true,false,false,true
59,Lunate,lunate,Upper Extremity,Irregular,Appendicular,Wrist,true,true,false,true,true,false,hand_left_500.png,hand_500.png,System,System,2018-04-29 18:35:07,2019-12-27 05:08:55,,false,true,false,true,false
60,Malleus,malleus,Cranial,Irregular,Axial,Ear ossicle,true,true,false,true,false,false,ossicles_500.png,,System,System,2018-04-29 18:35:07,2019-12-27 05:08:55,,false,true,false,false,false
61,Mandible,mandible,Cranial,Flat,Axial,Cranial,false,true,false,true,true,true,mandible_500.png,mandible_500.png,System,System,2018-04-29 18:35:07,2019-12-27 05:08:55,,false,true,true,true,false
209,Mandibular Tooth,mandibular tooth,Cranial,Tooth,Tooth,Mandibular Tooth,false,true,false,true,false,true,,,System,System,2019-08-11 16:23:55,2019-12-27 05:08:55,,true,false,true,false,false
62,Manubrium,manubrium,Thoracic Cage,Flat,Axial,Sternum,false,true,false,true,false,false,sternum_500.png,,System,System,2018-04-29 18:35:07,2019-12-27 05:08:55,,false,true,true,true,false
63,Maxilla,maxilla,Cranial,Irregular,Axial,Cranial,true,true,false,false,false,true,,,System,System,2018-04-29 18:35:07,2019-12-27 05:08:55,,false,true,true,true,false
208,Maxillary Tooth,maxillary tooth,Cranial,Tooth,Tooth,Maxillary Tooth,false,true,false,true,false,true,,,System,System,2019-08-11 16:23:55,2019-12-27 05:08:55,,true,false,true,false,false
64,Metacarpal 1,metacarpal 1,Upper Extremity,Short bone,Appendicular,Hand,true,true,false,true,true,false,hand_left_500.png,hand_500.png,System,System,2018-04-29 18:35:07,2019-12-27 05:08:55,,false,true,true,true,false
65,Metacarpal 2,metacarpal 2,Upper Extremity,Short bone,Appendicular,Hand,true,true,false,true,true,false,hand_left_500.png,hand_500.png,System,System,2018-04-29 18:35:07,2019-12-27 05:08:55,,false,true,true,true,false
66,Metacarpal 3,metacarpal 3,Upper Extremity,Short bone,Appendicular,Hand,true,true,false,true,true,false,hand_left_500.png,hand_500.png,System,System,2018-04-29 18:35:07,2019-12-27 05:08:55,,false,true,true,true,false
67,Metacarpal 4,metacarpal 4,Upper Extremity,Short bone,Appendicular,Hand,true,true,false,true,true,false,hand_left_500.png,hand_500.png,System,System,2018-04-29 18:35:07,2019-12-27 05:08:55,,false,true,true,true,false
68,Metacarpal 5,metacarpal 5,Upper Extremity,Short bone,Appendicular,Hand,true,true,false,true,true,false,hand_left_500.png,hand_500.png,System,System,2018-04-29 18:35:07,2019-12-27 05:08:55,,false,true,true,true,false
69,Metatarsal 1,metatarsal 1,Lower Extremity,Short bone,Appendicular,Foot,true,true,false,true,true,false,foot_right_500.png,foot_500.png,System,System,2018-04-29 18:35:07,2019-12-27 05:08:55,,false,true,true,true,false
70,Metatarsal 2,metatarsal 2,Lower Extremity,Short bone,Appendicular,Foot,true,true,false,true,true,false,foot_right_500.png,foot_500.png,System,System,2018-04-29 18:35:07,2019-12-27 05:08:55,,false,true,true,true,false
71,Metatarsal 3,metatarsal 3,Lower Extremity,Short bone,Appendicular,Foot,true,true,false,true,true,false,foot_right_500.png,foot_500.png,System,System,2018-04-29 18:35:07,2019-12-27 05:08:55,,false,true,true,true,false
72,Metatarsal 4,metatarsal 4,Lower Extremity,Short bone,Appendicular,Foot,true,true,false,true,true,false,foot_right_500.png,foot_500.png,System,System,2018-04-29 18:35:07,2019-12-27 05:08:55,,false,true,true,true,false
73,Metatarsal 5,metatarsal 5,Lower Extremity,Short bone,Appendicular,Foot,true,true,false,true,true,false,foot_right_500.png,foot_500.png,System,System,2018-04-29 18:35:07,2019-12-27 05:08:55,,false,true,true,true,false
214,Molar,molar,teeth,Tooth,Tooth,Molar Tooth,false,true,false,true,false,true,,,System,System,2019-11-09 05:44:25,2019-12-27 05:08:55,,false,false,true,false,false
74,Nasal,nasal,Cranial,Flat,Axial,Cranial,true,true,false,false,false,false,,,System,System,2018-04-29 18:35:07,2019-12-27 05:08:55,,false,true,false,true,false
75,Navicular,navicular,Lower Extremity,Irregular,Appendicular,Ankle,true,true,false,true,true,false,foot_right_500.png,foot_500.png,System,System,2018-04-29 18:35:07,2019-12-27 05:08:55,,false,true,false,true,false
76,Occipital,occipital,Cranial,Flat,Axial,Cranial,false,true,false,false,false,false,,,System,System,2018-04-29 18:35:07,2019-12-27 05:08:55,,false,true,true,true,false
77,Os coxa,os coxa,Pelvic Girdle,Irregular,Axial,Pelvis,true,true,false,true,true,false,oscoxa_left_500.png,oscoxa_500.png,System,System,2018-04-29 18:35:07,2019-12-27 05:08:55,,false,true,true,true,false
78,Ossified cartilage,ossified cartilage,Other,N/A,Axial,N/A,false,false,false,false,false,false,,,System,System,2018-04-29 18:35:07,2019-12-27 05:08:55,,false,false,false,false,false
79,Palatine,palatine,Cranial,Flat,Axial,Cranial,true,true,false,false,false,false,,,System,System,2018-04-29 18:35:07,2019-12-27 05:08:55,,false,true,false,true,false
80,Parietal,parietal,Cranial,Flat,Axial,Cranial,true,true,false,false,false,false,,,System,System,2018-04-29 18:35:07,2019-12-27 05:08:55,,false,true,true,true,false
81,Patella,patella,Lower Extremity,Irregular,Appendicular,Knee,true,true,false,true,true,false,patella_500.png,patella_500.png,System,System,2018-04-29 18:35:07,2019-12-27 05:08:55,,false,true,true,true,false
82,Pisiform,pisiform,Upper Extremity,Irregular,Appendicular,Wrist,true,true,false,true,true,false,hand_left_500.png,hand_500.png,System,System,2018-04-29 18:35:07,2019-12-27 05:08:55,,false,true,false,true,false
216,Posterior Tooth,posterior tooth,teeth,Tooth,Tooth,Posterior Tooth,false,true,false,true,false,true,,,System,System,2019-11-09 05:44:25,2019-12-27 05:08:55,,false,false,true,false,false
213,Premolar,premolar,teeth,Tooth,Tooth,Premolar Tooth,false,true,false,true,false,true,,,System,System,2019-11-09 05:44:25,2019-12-27 05:08:55,,false,false,true,false,false
83,Proximal manual phalanx 1,proximal manual phalanx 1,Upper Extremity,Short bone,Appendicular,Hand,true,true,false,true,false,false,hand_left_500.png,,System,System,2018-04-29 18:35:07,2019-12-27 05:08:55,,false,true,false,true,false
84,Proximal manual phalanx 2,proximal manual phalanx 2,Upper Extremity,Short bone,Appendicular,Hand,true,true,false,true,false,false,hand_left_500.png,,System,System,2018-04-29 18:35:07,2019-12-27 05:08:55,,false,true,false,true,false
85,Proximal manual phalanx 3,proximal manual phalanx 3,Upper Extremity,Short bone,Appendicular,Hand,true,true,false,true,false,false,hand_left_500.png,,System,System,2018-04-29 18:35:07,2019-12-27 05:08:55,,false,true,false,true,false
86,Proximal manual phalanx 4,proximal manual phalanx 4,Upper Extremity,Short bone,Appendicular,Hand,true,true,false,true,false,false,hand_left_500.png,,System,System,2018-04-29 18:35:07,2019-12-27 05:08:55,,false,true,false,true,false
87,Proximal manual phalanx 5,proximal manual phalanx 5,Upper Extremity,Short bone,Appendicular,Hand,true,true,false,true,false,false,hand_left_500.png,,System,System,2018-04-29 18:35:07,2019-12-27 05:08:55,,false,true,false,true,false
88,Proximal pedal phalanx 1,proximal pedal phalanx 1,Lower Extremity,Short bone,Appendicular,Foot,true,true,false,true,false,false,foot_right_500.png,,System,System,2018-04-29 18:35:07,2019-12-27 05:08:55,,false,true,false,true,false
89,Proximal pedal phalanx 2,proximal pedal phalanx 2,Lower Extremity,Short bone,Appendicular,Foot,true,true,false,true,false,false,foot_right_500.png,,System,System,2018-04-29 18:35:07,2019-12-27 05:08:55,,false,true,false,true,false
90,Proximal pedal phalanx 3,proximal pedal phalanx 3,Lower Extremity,Short bone,Appendicular,Foot,true,true,false,true,false,false,foot_right_500.png,,System,System,2018-04-29 18:35:07,2019-12-27 05:08:55,,false,true,false,true,false
91,Proximal pedal phalanx 4,proximal pedal phalanx 4,Lower Extremity,Short bone,Appendicular,Foot,true,true,false,true,false,false,foot_right_500.png,,System,System,2018-04-29 18:35:07,2019-12-27 05:08:55,,false,true,false,true,false
92,Proximal pedal phalanx 5,proximal pedal phalanx 5,Lower Extremity,Short bone,Appendicular,Foot,true,true,false,true,false,false,foot_right_500.png,,System,System,2018-04-29 18:35:07,2019-12-27 05:08:55,,false,true,false,true,false
93,Radius,radius,Upper Extremity,Long bone,Appendicular,Arm,true,true,false,true,true,false,radius_left_500.png,radius_500.png,System,System,2018-04-29 18:35:07,2019-12-27 05:08:55,,false,true,true,true,false
94,Rib 1,rib 1,Thoracic Cage,Flat,Axial,Rib,true,true,false,true,false,false,rib01_500.png,,System,System,2018-04-29 18:35:07,2019-12-27 05:08:55,,false,true,true,true,false
95,Rib 10,rib 10,Thoracic Cage,Flat,Axial,Rib,true,true,false,true,false,false,ribs_500.png,,System,System,2018-04-29 18:35:07,2019-12-27 05:08:55,,false,true,true,true,false
96,Rib 10/11,rib 10/11,Thoracic Cage,Flat,Axial,Rib,true,true,false,true,false,false,ribs_500.png,,System,System,2018-04-29 18:35:07,2019-12-27 05:08:55,,false,false,true,true,false
97,Rib 11,rib 11,Thoracic Cage,Flat,Axial,Rib,true,true,false,true,false,false,ribs_500.png,,System,System,2018-04-29 18:35:07,2019-12-27 05:08:55,,false,true,true,true,false
98,Rib 11/12,rib 11/12,Thoracic Cage,Flat,Axial,Rib,true,true,false,true,false,false,ribs_500.png,,System,System,2018-04-29 18:35:07,2019-12-27 05:08:55,,false,false,true,true,false
99,Rib 12,rib 12,Thoracic Cage,Flat,Axial,Rib,true,true,false,true,false,false,ribs_500.png,,System,System,2018-04-29 18:35:07,2019-12-27 05:08:55,,false,true,true,true,false
100,Rib 2,rib 2,Thoracic Cage,Flat,Axial,Rib,true,true,false,true,false,false,ribs_500.png,,System,System,2018-04-29 18:35:07,2019-12-27 05:08:55,,false,true,true,true,false
101,Rib 2/3,rib 2/3,Thoracic Cage,Flat,Axial,Rib,true,true,false,true,false,false,ribs_500.png,,System,System,2018-04-29 18:35:07,2019-12-27 05:08:55,,false,false,true,true,false
102,Rib 3,rib 3,Thoracic Cage,Flat,Axial,Rib,true,true,false,true,false,false,ribs_500.png,,System,System,2018-04-29 18:35:07,2019-12-27 05:08:55,,false,true,true,true,false
103,Rib 3/4,rib 3/4,Thoracic Cage,Flat,Axial,Rib,true,true,false,true,false,false,ribs_500.png,,System,System,2018-04-29 18:35:07,2019-12-27 05:08:55,,false,false,true,true,false
104,Rib 4,rib 4,Thoracic Cage,Flat,Axial,Rib,true,true,false,true,false,false,ribs_500.png,,System,System,2018-04-29 18:35:07,2019-12-27 05:08:55,,false,true,true,true,false
105,Rib 5,rib 5,Thoracic Cage,Flat,Axial,Rib,true,true,false,true,false,false,ribs_500.png,,System,System,2018-04-29 18:35:07,2019-12-27 05:08:55,,false,true,true,true,false
106,Rib 6,rib 6,Thoracic Cage,Flat,Axial,Rib,true,true,false,true,false,false,ribs_500.png,,System,System,2018-04-29 18:35:07,2019-12-27 05:08:55,,false,true,true,true,false
107,Rib 7,rib 7,Thoracic Cage,Flat,Axial,Rib,true,true,false,true,false,false,ribs_500.png,,System,System,2018-04-29 18:35:07,2019-12-27 05:08:55,,false,true,true,true,false
108,Rib 8,rib 8,Thoracic Cage,Flat,Axial,Rib,true,true,false,true,false,false,ribs_500.png,,System,System,2018-04-29 18:35:07,2019-12-27 05:08:55,,false,true,true,true,false
109,Rib 9,rib 9,Thoracic Cage,Flat,Axial,Rib,true,true,false,true,false,false,ribs_500.png,,System,System,2018-04-29 18:35:07,2019-12-27 05:08:55,,false,true,true,true,false
110,Sacral vertebra 1,sacral vertebra 1,Vertebral Column,Irregular,Axial,Vertebral,false,true,false,true,false,false,sacrum_500.png,,System,System,2018-04-29 18:35:07,2019-12-27 05:08:55,,false,true,true,true,false
111,Sacral vertebra 2,sacral vertebra 2,Vertebral Column,Irregular,Axial,Vertebral,false,true,false,true,false,false,sacrum_500.png,,System,System,2018-04-29 18:35:07,2019-12-27 05:08:55,,false,true,true,true,false
112,Sacral vertebra 3,sacral vertebra 3,Vertebral Column,Irregular,Axial,Vertebral,false,true,false,true,false,false,sacrum_500.png,,System,System,2018-04-29 18:35:07,2019-12-27 05:08:55,,false,true,true,true,false
113,Sacral vertebra 4,sacral vertebra 4,Vertebral Column,Irregular,Axial,Vertebral,false,true,false,true,false,false,sacrum_500.png,,System,System,2018-04-29 18:35:07,2019-12-27 05:08:55,,false,true,true,true,false
114,Sacral vertebra 5,sacral vertebra 5,Vertebral Column,Irregular,Axial,Vertebral,false,true,false,true,false,false,sacrum_500.png,,System,System,2018-04-29 18:35:07,2019-12-27 05:08:55,,false,true,true,true,false
115,Sacrum,sacrum,Vertebral Column,Irregular,Axial,Vertebral,false,true,false,true,true,false,sacrum_500.png,sacrum_500.png,System,System,2018-04-29 18:35:07,2019-12-27 05:08:55,,false,true,true,true,true
116,Scaphoid,scaphoid,Upper Extremity,Irregular,Appendicular,Wrist,true,true,false,true,true,false,hand_left_500.png,hand_500.png,System,System,2018-04-29 18:35:07,2019-12-27 05:08:55,,false,true,false,true,false
117,Scapula,scapula,Pectoral Girdle,Flat,Appendicular,Shoulder,true,true,false,true,true,false,scapula_left_500.png,scapula_500.png,System,System,2018-04-29 18:35:07,2019-12-27 05:08:55,,false,true,true,true,false
118,Second (Intermediate) cuneiform,second (intermediate) cuneiform,Lower Extremity,Irregular,Appendicular,Ankle,true,true,false,true,true,false,foot_right_500.png,foot_500.png,System,System,2018-04-29 18:35:07,2019-12-27 05:08:55,,false,true,false,true,false
119,Sesamoid,sesamoid,Other,Irregular,Appendicular,Hand/foot,false,true,false,false,false,false,,,System,System,2018-04-29 18:35:07,2019-12-27 05:08:55,,true,false,false,false,false
120,Sphenoid,sphenoid,Cranial,Irregular,Axial,Cranial,false,true,false,true,false,false,cranium_zones_composite_500.png,,System,System,2018-04-29 18:35:07,2019-12-27 05:08:55,,false,true,true,true,false
121,Stapes,stapes,Cranial,Irregular,Axial,Ear ossicle,true,true,false,true,false,false,ossicles_500.png,,System,System,2018-04-29 18:35:07,2019-12-27 05:08:55,,false,true,false,false,false
122,Sternal body,sternal body,Thoracic Cage,Flat,Axial,Sternum,false,true,false,true,false,false,sternum_500.png,,System,System,2018-04-29 18:35:07,2019-12-27 05:08:55,,false,true,false,true,false
123,Sternum,sternum,Thoracic Cage,Flat,Axial,Sternum,false,true,false,true,false,false,sternum_500.png,,System,System,2018-04-29 18:35:07,2019-12-27 05:08:55,,false,true,true,true,false
124,Talus,talus,Lower Extremity,Irregular,Appendicular,Ankle,true,true,false,true,true,false,foot_right_500.png,talus_500.png,System,System,2018-04-29 18:35:07,2019-12-27 05:08:55,,false,true,true,true,false
125,Temporal,temporal,Cranial,Irregular,Axial,Cranial,true,true,false,false,false,false,,,System,System,2018-04-29 18:35:07,2019-12-27 05:08:55,,false,true,true,true,false
126,Third (Lateral) cuneiform,third (lateral) cuneiform,Lower Extremity,Irregular,Appendicular,Ankle,true,true,false,true,true,false,foot_right_500.png,foot_500.png,System,System,2018-04-29 18:35:07,2019-12-27 05:08:55,,false,true,false,true,false
127,Thoracic vertebra 1,thoracic vertebra 1,Vertebral Column,Irregular,Axial,Vertebral,false,true,false,true,false,false,thoracic_500.png,,System,System,2018-04-29 18:35:07,2019-12-27 05:08:55,,false,true,true,true,true
129,Thoracic vertebra 10,thoracic vertebra 10,Vertebral Column,Irregular,Axial,Vertebral,false,true,false,true,false,false,thoracic_500.png,,System,System,2018-04-29 18:35:07,2019-12-27 05:08:55,,false,true,true,true,true
130,Thoracic vertebra 10/11,thoracic vertebra 10/11,Vertebral Column,Irregular,Axial,Vertebral,false,true,false,true,false,false,thoracic_500.png,,System,System,2018-04-29 18:35:07,2019-12-27 05:08:55,,false,false,true,true,true
131,Thoracic vertebra 10/11/12,thoracic vertebra 10/11/12,Vertebral Column,Irregular,Axial,Vertebral,false,true,false,true,false,false,thoracic_500.png,,System,System,2018-04-29 18:35:07,2019-12-27 05:08:55,,false,false,true,true,true
132,Thoracic vertebra 11,thoracic vertebra 11,Vertebral Column,Irregular,Axial,Vertebral,false,true,false,true,false,false,thoracic_500.png,,System,System,2018-04-29 18:35:07,2019-12-27 05:08:55,,false,true,true,true,true
133,Thoracic vertebra 11/12,thoracic vertebra 11/12,Vertebral Column,Irregular,Axial,Vertebral,false,true,false,true,false,false,thoracic_500.png,,System,System,2018-04-29 18:35:07,2019-12-27 05:08:55,,false,false,true,true,true
134,Thoracic vertebra 12,thoracic vertebra 12,Vertebral Column,Irregular,Axial,Vertebral,false,true,false,true,false,false,thoracic_500.png,,System,System,2018-04-29 18:35:07,2019-12-27 05:08:55,,false,true,true,true,true
128,Thoracic vertebra 1/2,thoracic vertebra 1/2,Vertebral Column,Irregular,Axial,Vertebral,false,true,false,true,false,false,thoracic_500.png,,System,System,2018-04-29 18:35:07,2019-12-27 05:08:55,,false,false,true,true,true
135,Thoracic vertebra 12/Lumbar vertebra 1,thoracic vertebra 12/lumbar vertebra 1,Vertebral Column,Irregular,Axial,Vertebral,false,true,false,true,false,false,thoracic_500.png,,System,System,2018-04-29 18:35:07,2019-12-27 05:08:55,,false,false,true,false,true
136,Thoracic vertebra 2,thoracic vertebra 2,Vertebral Column,Irregular,Axial,Vertebral,false,true,false,true,false,false,thoracic_500.png,,System,System,2018-04-29 18:35:07,2019-12-27 05:08:55,,false,true,true,true,true
137,Thoracic vertebra 3,thoracic vertebra 3,Vertebral Column,Irregular,Axial,Vertebral,false,true,false,true,false,false,thoracic_500.png,,System,System,2018-04-29 18:35:07,2019-12-27 05:08:55,,false,true,true,true,true
138,Thoracic vertebra 4,thoracic vertebra 4,Vertebral Column,Irregular,Axial,Vertebral,false,true,false,true,false,false,thoracic_500.png,,System,System,2018-04-29 18:35:07,2019-12-27 05:08:55,,false,true,true,true,true
139,Thoracic vertebra 5,thoracic vertebra 5,Vertebral Column,Irregular,Axial,Vertebral,false,true,false,true,false,false,thoracic_500.png,,System,System,2018-04-29 18:35:07,2019-12-27 05:08:55,,false,true,true,true,true
140,Thoracic vertebra 6,thoracic vertebra 6,Vertebral Column,Irregular,Axial,Vertebral,false,true,false,true,false,false,thoracic_500.png,,System,System,2018-04-29 18:35:07,2019-12-27 05:08:55,,false,true,true,true,true
141,Thoracic vertebra 7,thoracic vertebra 7,Vertebral Column,Irregular,Axial,Vertebral,false,true,false,true,false,false,thoracic_500.png,,System,System,2018-04-29 18:35:07,2019-12-27 05:08:55,,false,true,true,true,true
142,Thoracic vertebra 8,thoracic vertebra 8,Vertebral Column,Irregular,Axial,Vertebral,false,true,false,true,false,false,thoracic_500.png,,System,System,2018-04-29 18:35:07,2019-12-27 05:08:55,,false,true,true,true,true
143,Thoracic vertebra 9,thoracic vertebra 9,Vertebral Column,Irregular,Axial,Vertebral,false,true,false,true,false,false,thoracic_500.png,,System,System,2018-04-29 18:35:07,2019-12-27 05:08:55,,false,true,true,true,true
144,Tibia,tibia,Lower Extremity,Long bone,Appendicular,Leg,true,true,false,true,true,false,tibia_left_500.png,tibia_500.png,System,System,2018-04-29 18:35:07,2019-12-27 05:08:55,,false,true,true,true,false
206,Tissue,tissue,tissue,Tissue,Tissue,Tissue,false,false,false,false,false,false,,,System,System,2018-12-08 16:49:58,2019-12-27 05:08:55,,true,false,false,false,false
170,Tooth,tooth,Cranial,Tooth,Tooth,Tooth,false,true,false,true,false,true,,,System,System,2018-04-29 18:35:07,2019-12-27 05:08:55,,true,false,true,false,false
174,Tooth 1,tooth 1,teeth,Tooth,Tooth,Tooth,false,true,false,true,false,true,,,System,System,2018-12-08 16:49:58,2019-12-27 05:08:55,,false,true,true,false,false
183,Tooth 10,tooth 10,teeth,Tooth,Tooth,Tooth,false,true,false,true,false,true,,,System,System,2018-12-08 16:49:58,2019-12-27 05:08:55,,false,true,true,false,false
184,Tooth 11,tooth 11,teeth,Tooth,Tooth,Tooth,false,true,false,true,false,true,,,System,System,2018-12-08 16:49:58,2019-12-27 05:08:55,,false,true,true,false,false
185,Tooth 12,tooth 12,teeth,Tooth,Tooth,Tooth,false,true,false,true,false,true,,,System,System,2018-12-08 16:49:58,2019-12-27 05:08:55,,false,true,true,false,false
186,Tooth 13,tooth 13,teeth,Tooth,Tooth,Tooth,false,true,false,true,false,true,,,System,System,2018-12-08 16:49:58,2019-12-27 05:08:55,,false,true,true,false,false
187,Tooth 14,tooth 14,teeth,Tooth,Tooth,Tooth,false,true,false,true,false,true,,,System,System,2018-12-08 16:49:58,2019-12-27 05:08:55,,false,true,true,false,false
188,Tooth 15,tooth 15,teeth,Tooth,Tooth,Tooth,false,true,false,true,false,true,,,System,System,2018-12-08 16:49:58,2019-12-27 05:08:55,,false,true,true,false,false
189,Tooth 16,tooth 16,teeth,Tooth,Tooth,Tooth,false,true,false,true,false,true,,,System,System,2018-12-08 16:49:58,2019-12-27 05:08:55,,false,true,true,false,false
190,Tooth 17,tooth 17,teeth,Tooth,Tooth,Tooth,false,true,false,true,false,true,,,System,System,2018-12-08 16:49:58,2019-12-27 05:08:55,,false,true,true,false,false
191,Tooth 18,tooth 18,teeth,Tooth,Tooth,Tooth,false,true,false,true,false,true,,,System,System,2018-12-08 16:49:58,2019-12-27 05:08:55,,false,true,true,false,false
192,Tooth 19,tooth 19,teeth,Tooth,Tooth,Tooth,false,true,false,true,false,true,,,System,System,2018-12-08 16:49:58,2019-12-27 05:08:55,,false,true,true,false,false
175,Tooth 2,tooth 2,teeth,Tooth,Tooth,Tooth,false,true,false,true,false,true,,,System,System,2018-12-08 16:49:58,2019-12-27 05:08:55,,false,true,true,false,false
193,Tooth 20,tooth 20,teeth,Tooth,Tooth,Tooth,false,true,false,true,false,true,,,System,System,2018-12-08 16:49:58,2019-12-27 05:08:55,,false,true,true,false,false
194,Tooth 21,tooth 21,teeth,Tooth,Tooth,Tooth,false,true,false,true,false,true,,,System,System,2018-12-08 16:49:58,2019-12-27 05:08:55,,false,true,true,false,false
195,Tooth 22,tooth 22,teeth,Tooth,Tooth,Tooth,false,true,false,true,false,true,,,System,System,2018-12-08 16:49:58,2019-12-27 05:08:55,,false,true,true,false,false
196,Tooth 23,tooth 23,teeth,Tooth,Tooth,Tooth,false,true,false,true,false,true,,,System,System,2018-12-08 16:49:58,2019-12-27 05:08:55,,false,true,true,false,false
197,Tooth 24,tooth 24,teeth,Tooth,Tooth,Tooth,false,true,false,true,false,true,,,System,System,2018-12-08 16:49:58,2019-12-27 05:08:55,,false,true,true,false,false
198,Tooth 25,tooth 25,teeth,Tooth,Tooth,Tooth,false,true,false,true,false,true,,,System,System,2018-12-08 16:49:58,2019-12-27 05:08:55,,false,true,true,false,false
199,Tooth 26,tooth 26,teeth,Tooth,Tooth,Tooth,false,true,false,true,false,true,,,System,System,2018-12-08 16:49:58,2019-12-27 05:08:55,,false,true,true,false,false
200,Tooth 27,tooth 27,teeth,Tooth,Tooth,Tooth,false,true,false,true,false,true,,,System,System,2018-12-08 16:49:58,2019-12-27 05:08:55,,false,true,true,false,false
201,Tooth 28,tooth 28,teeth,Tooth,Tooth,Tooth,false,true,false,true,false,true,,,System,System,2018-12-08 16:49:58,2019-12-27 05:08:55,,false,true,true,false,false
202,Tooth 29,tooth 29,teeth,Tooth,Tooth,Tooth,false,true,false,true,false,true,,,System,System,2018-12-08 16:49:58,2019-12-27 05:08:55,,false,true,true,false,false
176,Tooth 3,tooth 3,teeth,Tooth,Tooth,Tooth,false,true,false,true,false,true,,,System,System,2018-12-08 16:49:58,2019-12-27 05:08:55,,false,true,true,false,false
203,Tooth 30,tooth 30,teeth,Tooth,Tooth,Tooth,false,true,false,true,false,true,,,System,System,2018-12-08 16:49:58,2019-12-27 05:08:55,,false,true,true,false,false
204,Tooth 31,tooth 31,teeth,Tooth,Tooth,Tooth,false,true,false,true,false,true,,,System,System,2018-12-08 16:49:58,2019-12-27 05:08:55,,false,true,true,false,false
205,Tooth 32,tooth 32,teeth,Tooth,Tooth,Tooth,false,true,false,true,false,true,,,System,System,2018-12-08 16:49:58,2019-12-27 05:08:55,,false,true,true,false,false
177,Tooth 4,tooth 4,teeth,Tooth,Tooth,Tooth,false,true,false,true,false,true,,,System,System,2018-12-08 16:49:58,2019-12-27 05:08:55,,false,true,true,false,false
178,Tooth 5,tooth 5,teeth,Tooth,Tooth,Tooth,false,true,false,true,false,true,,,System,System,2018-12-08 16:49:58,2019-12-27 05:08:55,,false,true,true,false,false
179,Tooth 6,tooth 6,teeth,Tooth,Tooth,Tooth,false,true,false,true,false,true,,,System,System,2018-12-08 16:49:58,2019-12-27 05:08:55,,false,true,true,false,false
180,Tooth 7,tooth 7,teeth,Tooth,Tooth,Tooth,false,true,false,true,false,true,,,System,System,2018-12-08 16:49:58,2019-12-27 05:08:55,,false,true,true,false,false
181,Tooth 8,tooth 8,teeth,Tooth,Tooth,Tooth,false,true,false,true,false,true,,,System,System,2018-12-08 16:49:58,2019-12-27 05:08:55,,false,true,true,false,false
182,Tooth 9,tooth 9,teeth,Tooth,Tooth,Tooth,false,true,false,true,false,true,,,System,System,2018-12-08 16:49:58,2019-12-27 05:08:55,,false,true,true,false,false
145,Trapezium,trapezium,Upper Extremity,Irregular,Appendicular,Wrist,true,true,false,true,true,false,hand_left_500.png,hand_500.png,System,System,2018-04-29 18:35:07,2019-12-27 05:08:55,,false,true,false,true,false
146,Trapezoid,trapezoid,Upper Extremity,Irregular,Appendicular,Wrist,true,true,false,true,true,false,hand_left_500.png,hand_500.png,System,System,2018-04-29 18:35:07,2019-12-27 05:08:55,,false,true,false,true,false
147,Triquetral,triquetral,Upper Extremity,Irregular,Appendicular,Wrist,true,true,false,true,true,false,hand_left_500.png,hand_500.png,System,System,2018-04-29 18:35:07,2019-12-27 05:08:55,,false,true,false,true,false
148,Ulna,ulna,Upper Extremity,Long bone,Appendicular,Arm,true,true,false,true,true,false,ulna_left_500.png,ulna_500.png,System,System,2018-04-29 18:35:07,2019-12-27 05:08:55,,false,true,true,true,false
149,Unidentified cranium,unidentified cranium,Cranial,Irregular,Axial,Cranial,false,true,true,false,false,false,,,System,System,2018-04-29 18:35:07,2019-12-27 05:08:55,,true,false,true,false,false
150,Unidentified fragments,unidentified fragments,Other,N/A,N/A,N/A,false,true,true,false,false,false,,,System,System,2018-04-29 18:35:07,2019-12-27 05:08:55,,true,false,false,false,false
151,Unidentified long bone,unidentified long bone,Other,Long bone,Appendicular,N/A,false,true,true,false,false,false,,,System,System,2018-04-29 18:35:07,2019-12-27 05:08:55,,true,false,true,false,false
152,Unidentified metacarpal/tarsal,unidentified metacarpal/tarsal,Other,Short bone,Appendicular,N/A,false,true,true,false,false,false,,,System,System,2018-04-29 18:35:07,2019-12-27 05:08:55,,true,false,false,false,false
153,Unidentified phalanx,unidentified phalanx,Other,Short bone,Appendicular,N/A,false,true,true,false,false,false,,,System,System,2018-04-29 18:35:07,2019-12-27 05:08:55,,true,false,false,false,false
173,Unidentified rib fragments,unidentified rib fragments,Thoracic Cage,Flat,Axial,Rib,false,false,false,false,false,false,,,System,System,2018-12-08 16:49:58,2019-12-27 05:08:55,,true,false,false,false,false
154,Unidentified vertebra,unidentified vertebra,Vertebral Column,Irregular,Axial,Vertebral,false,true,true,false,false,false,,,System,System,2018-04-29 18:35:07,2019-12-27 05:08:55,,true,false,true,true,false
155,Unseriated cervical vertebra,unseriated cervical vertebra,Vertebral Column,Irregular,Axial,Vertebral,false,true,true,true,false,false,cervical_500.png,,System,System,2018-04-29 18:35:07,2019-12-27 05:08:55,,true,false,true,true,false
156,Unseriated distal manual phalanx,unseriated distal manual phalanx,Upper Extremity,Short bone,Appendicular,Hand,true,true,false,true,false,false,hand_left_500.png,,System,System,2018-04-29 18:35:07,2019-12-27 05:08:55,,true,false,true,true,false
157,Unseriated distal pedal phalanx,unseriated distal pedal phalanx,Lower Extremity,Short bone,Appendicular,Foot,true,true,false,true,false,false,foot_right_500.png,,System,System,2018-04-29 18:35:07,2019-12-27 05:08:55,,true,false,true,true,false
158,Unseriated intermediate manual phalanx,unseriated intermediate manual phalanx,Upper Extremity,Short bone,Appendicular,Hand,true,true,false,true,false,false,hand_left_500.png,,System,System,2018-04-29 18:35:07,2019-12-27 05:08:55,,true,false,true,true,false
159,Unseriated intermediate pedal phalanx,unseriated intermediate pedal phalanx,Lower Extremity,Short bone,Appendicular,Foot,true,true,false,true,false,false,foot_right_500.png,,System,System,2018-04-29 18:35:07,2019-12-27 05:08:55,,true,false,true,true,false
160,Unseriated lumbar vertebra,unseriated lumbar vertebra,Vertebral Column,Irregular,Axial,Vertebral,false,true,true,true,false,false,thoracic_500.png,,System,System,2018-04-29 18:35:07,2019-12-27 05:08:55,,true,false,true,true,false
161,Unseriated metacarpal,unseriated metacarpal,Upper Extremity,Short bone,Appendicular,Hand,true,true,false,true,false,false,hand_left_500.png,,System,System,2018-04-29 18:35:07,2019-12-27 05:08:55,,true,false,true,true,false
162,Unseriated metatarsal,unseriated metatarsal,Lower Extremity,Short bone,Appendicular,Foot,true,true,false,true,false,false,foot_right_500.png,,System,System,2018-04-29 18:35:07,2019-12-27 05:08:55,,true,false,true,true,false
163,Unseriated proximal manual phalanx,unseriated proximal manual phalanx,Upper Extremity,Short bone,Appendicular,Hand,true,true,false,true,false,false,hand_left_500.png,,System,System,2018-04-29 18:35:07,2019-12-27 05:08:55,,true,false,true,true,false
164,Unseriated proximal pedal phalanx,unseriated proximal pedal phalanx,Lower Extremity,Short bone,Appendicular,Foot,true,true,false,true,false,false,foot_right_500.png,,System,System,2018-04-29 18:35:07,2019-12-27 05:08:55,,true,false,true,true,false
165,Unseriated rib,unseriated rib,Thoracic Cage,Flat,Axial,Rib,true,true,false,true,false,false,ribs_500.png,,System,System,2018-04-29 18:35:07,2019-12-27 05:08:55,,true,false,true,true,false
166,Unseriated thoracic vertebra,unseriated thoracic vertebra,Vertebral Column,Irregular,Axial,Vertebral,false,true,true,true,false,false,thoracic_500.png,,System,System,2018-04-29 18:35:07,2019-12-27 05:08:55,,true,false,true,true,false
167,Vomer,vomer,Cranial,Flat,Axial,Cranial,false,true,false,false,false,false,,,System,System,2018-04-29 18:35:07,2019-12-27 05:08:55,,false,true,false,true,false
168,Xiphoid process,xiphoid process,Thoracic Cage,Flat,Axial,Sternum,false,true,false,false,false,false,,,System,System,2018-04-29 18:35:07,2019-12-27 05:08:55,,false,true,false,true,false
169,Zygomatic,zygomatic,Cranial,Flat,Axial,Cranial,true,true,false,false,false,false,,,System,System,2018-04-29 18:35:07,2019-12-27 05:08:55,,false,true,true,true,false
